NFTID,RANK
COMBEYS-bc640d-015a,1
COMBEYS-bc640d-83,2
COMBEYS-bc640d-80,3
COMBEYS-bc640d-82,4
COMBEYS-bc640d-05b9,5
COMBEYS-bc640d-02b0,6
COMBEYS-bc640d-2f,7
COMBEYS-bc640d-04ec,8
COMBEYS-bc640d-0294,9
COMBEYS-bc640d-043a,10
COMBEYS-bc640d-0461,11
COMBEYS-bc640d-055d,12
COMBEYS-bc640d-0387,13
COMBEYS-bc640d-028d,14
COMBEYS-bc640d-04b1,15
COMBEYS-bc640d-03b6,16
COMBEYS-bc640d-0295,17
COMBEYS-bc640d-05cd,18
COMBEYS-bc640d-04eb,19
COMBEYS-bc640d-025f,20
COMBEYS-bc640d-0419,21
COMBEYS-bc640d-0270,22
COMBEYS-bc640d-44,23
COMBEYS-bc640d-5f,24
COMBEYS-bc640d-045a,25
COMBEYS-bc640d-050f,26
COMBEYS-bc640d-02dc,27
COMBEYS-bc640d-04ac,28
COMBEYS-bc640d-0386,29
COMBEYS-bc640d-05d6,30
COMBEYS-bc640d-023a,31
COMBEYS-bc640d-0128,32
COMBEYS-bc640d-0258,33
COMBEYS-bc640d-0569,34
COMBEYS-bc640d-04b8,35
COMBEYS-bc640d-0323,36
COMBEYS-bc640d-058d,37
COMBEYS-bc640d-e8,38
COMBEYS-bc640d-051e,39
COMBEYS-bc640d-0134,40
COMBEYS-bc640d-01b8,41
COMBEYS-bc640d-047a,42
COMBEYS-bc640d-0194,43
COMBEYS-bc640d-0426,44
COMBEYS-bc640d-0328,45
COMBEYS-bc640d-013b,46
COMBEYS-bc640d-057c,47
COMBEYS-bc640d-052e,48
COMBEYS-bc640d-0428,49
COMBEYS-bc640d-038d,50
COMBEYS-bc640d-01ea,51
COMBEYS-bc640d-04a5,52
COMBEYS-bc640d-054d,53
COMBEYS-bc640d-0111,54
COMBEYS-bc640d-027f,55
COMBEYS-bc640d-0125,56
COMBEYS-bc640d-0336,57
COMBEYS-bc640d-5c,58
COMBEYS-bc640d-03e3,59
COMBEYS-bc640d-02c6,60
COMBEYS-bc640d-05f4,61
COMBEYS-bc640d-0356,62
COMBEYS-bc640d-03bc,63
COMBEYS-bc640d-0239,64
COMBEYS-bc640d-03fd,65
COMBEYS-bc640d-05b7,66
COMBEYS-bc640d-0180,67
COMBEYS-bc640d-01b6,68
COMBEYS-bc640d-01e0,69
COMBEYS-bc640d-0280,70
COMBEYS-bc640d-058e,71
COMBEYS-bc640d-24,72
COMBEYS-bc640d-ea,73
COMBEYS-bc640d-0615,74
COMBEYS-bc640d-8e,75
COMBEYS-bc640d-c4,76
COMBEYS-bc640d-6b,77
COMBEYS-bc640d-0169,78
COMBEYS-bc640d-60,79
COMBEYS-bc640d-0457,80
COMBEYS-bc640d-0594,81
COMBEYS-bc640d-02a0,82
COMBEYS-bc640d-020c,83
COMBEYS-bc640d-04d7,84
COMBEYS-bc640d-0123,85
COMBEYS-bc640d-dc,86
COMBEYS-bc640d-016a,87
COMBEYS-bc640d-0502,88
COMBEYS-bc640d-b0,89
COMBEYS-bc640d-0514,90
COMBEYS-bc640d-0509,91
COMBEYS-bc640d-053f,92
COMBEYS-bc640d-04ae,93
COMBEYS-bc640d-05c0,94
COMBEYS-bc640d-02a1,95
COMBEYS-bc640d-05c1,96
COMBEYS-bc640d-014c,97
COMBEYS-bc640d-0418,98
COMBEYS-bc640d-ed,99
COMBEYS-bc640d-0579,100
COMBEYS-bc640d-6a,101
COMBEYS-bc640d-05f9,102
COMBEYS-bc640d-040d,103
COMBEYS-bc640d-022f,104
COMBEYS-bc640d-02a6,105
COMBEYS-bc640d-017a,106
COMBEYS-bc640d-ec,107
COMBEYS-bc640d-01c8,108
COMBEYS-bc640d-0515,109
COMBEYS-bc640d-0456,110
COMBEYS-bc640d-03d8,111
COMBEYS-bc640d-0487,112
COMBEYS-bc640d-0332,113
COMBEYS-bc640d-0450,114
COMBEYS-bc640d-05da,115
COMBEYS-bc640d-0219,116
COMBEYS-bc640d-05ae,117
COMBEYS-bc640d-0546,118
COMBEYS-bc640d-0135,119
COMBEYS-bc640d-018c,120
COMBEYS-bc640d-038f,121
COMBEYS-bc640d-a1,122
COMBEYS-bc640d-0372,123
COMBEYS-bc640d-03bb,124
COMBEYS-bc640d-0236,125
COMBEYS-bc640d-2d,126
COMBEYS-bc640d-0400,127
COMBEYS-bc640d-0586,128
COMBEYS-bc640d-0443,129
COMBEYS-bc640d-bc,130
COMBEYS-bc640d-025a,131
COMBEYS-bc640d-0385,132
COMBEYS-bc640d-0411,133
COMBEYS-bc640d-0319,134
COMBEYS-bc640d-0164,135
COMBEYS-bc640d-046f,136
COMBEYS-bc640d-03ee,137
COMBEYS-bc640d-97,138
COMBEYS-bc640d-03c1,139
COMBEYS-bc640d-04db,140
COMBEYS-bc640d-0465,141
COMBEYS-bc640d-015f,142
COMBEYS-bc640d-27,143
COMBEYS-bc640d-0364,144
COMBEYS-bc640d-dd,145
COMBEYS-bc640d-024b,146
COMBEYS-bc640d-03f5,147
COMBEYS-bc640d-035b,148
COMBEYS-bc640d-0593,149
COMBEYS-bc640d-03e2,150
COMBEYS-bc640d-05a8,151
COMBEYS-bc640d-01a3,152
COMBEYS-bc640d-0581,153
COMBEYS-bc640d-01e9,154
COMBEYS-bc640d-0268,155
COMBEYS-bc640d-014a,156
COMBEYS-bc640d-043b,157
COMBEYS-bc640d-0375,158
COMBEYS-bc640d-0362,159
COMBEYS-bc640d-0429,160
COMBEYS-bc640d-011e,161
COMBEYS-bc640d-05e6,162
COMBEYS-bc640d-0437,163
COMBEYS-bc640d-01ff,164
COMBEYS-bc640d-03fb,165
COMBEYS-bc640d-0464,166
COMBEYS-bc640d-026f,167
COMBEYS-bc640d-013d,168
COMBEYS-bc640d-01b3,169
COMBEYS-bc640d-0535,170
COMBEYS-bc640d-01a2,171
COMBEYS-bc640d-034c,172
COMBEYS-bc640d-05dd,173
COMBEYS-bc640d-023b,174
COMBEYS-bc640d-0110,175
COMBEYS-bc640d-047b,176
COMBEYS-bc640d-04e8,177
COMBEYS-bc640d-0163,178
COMBEYS-bc640d-0104,179
COMBEYS-bc640d-03a3,180
COMBEYS-bc640d-02be,181
COMBEYS-bc640d-0451,182
COMBEYS-bc640d-0430,183
COMBEYS-bc640d-01fa,184
COMBEYS-bc640d-cc,185
COMBEYS-bc640d-03b7,186
COMBEYS-bc640d-02e8,187
COMBEYS-bc640d-020d,188
COMBEYS-bc640d-02cd,189
COMBEYS-bc640d-02e4,190
COMBEYS-bc640d-030b,191
COMBEYS-bc640d-01b2,192
COMBEYS-bc640d-d7,193
COMBEYS-bc640d-03a0,194
COMBEYS-bc640d-3a,195
COMBEYS-bc640d-01e1,196
COMBEYS-bc640d-36,197
COMBEYS-bc640d-02bf,198
COMBEYS-bc640d-0342,199
COMBEYS-bc640d-032f,200
COMBEYS-bc640d-02fd,201
COMBEYS-bc640d-0527,202
COMBEYS-bc640d-0244,203
COMBEYS-bc640d-0425,204
COMBEYS-bc640d-a9,205
COMBEYS-bc640d-01ad,206
COMBEYS-bc640d-027c,207
COMBEYS-bc640d-055e,208
COMBEYS-bc640d-058b,209
COMBEYS-bc640d-3b,210
COMBEYS-bc640d-02f3,211
COMBEYS-bc640d-3e,212
COMBEYS-bc640d-0376,213
COMBEYS-bc640d-39,214
COMBEYS-bc640d-0193,215
COMBEYS-bc640d-04c7,216
COMBEYS-bc640d-0184,217
COMBEYS-bc640d-040a,218
COMBEYS-bc640d-033c,219
COMBEYS-bc640d-020b,220
COMBEYS-bc640d-04de,221
COMBEYS-bc640d-04d8,222
COMBEYS-bc640d-0171,223
COMBEYS-bc640d-029a,224
COMBEYS-bc640d-01ef,225
COMBEYS-bc640d-0374,226
COMBEYS-bc640d-026a,227
COMBEYS-bc640d-0556,228
COMBEYS-bc640d-03d7,229
COMBEYS-bc640d-0322,230
COMBEYS-bc640d-7e,231
COMBEYS-bc640d-0192,232
COMBEYS-bc640d-055a,233
COMBEYS-bc640d-0188,234
COMBEYS-bc640d-01b5,235
COMBEYS-bc640d-0537,236
COMBEYS-bc640d-03a1,237
COMBEYS-bc640d-04df,238
COMBEYS-bc640d-0392,239
COMBEYS-bc640d-05e9,240
COMBEYS-bc640d-0609,241
COMBEYS-bc640d-01be,242
COMBEYS-bc640d-0340,243
COMBEYS-bc640d-03a6,244
COMBEYS-bc640d-f2,245
COMBEYS-bc640d-0497,246
COMBEYS-bc640d-11,247
COMBEYS-bc640d-03d5,248
COMBEYS-bc640d-01f2,249
COMBEYS-bc640d-03e6,250
COMBEYS-bc640d-01d1,251
COMBEYS-bc640d-013e,252
COMBEYS-bc640d-38,253
COMBEYS-bc640d-03a9,254
COMBEYS-bc640d-019f,255
COMBEYS-bc640d-059d,256
COMBEYS-bc640d-fe,257
COMBEYS-bc640d-05ea,258
COMBEYS-bc640d-037a,259
COMBEYS-bc640d-0275,260
COMBEYS-bc640d-04e7,261
COMBEYS-bc640d-0358,262
COMBEYS-bc640d-0513,263
COMBEYS-bc640d-03af,264
COMBEYS-bc640d-03ce,265
COMBEYS-bc640d-05a9,266
COMBEYS-bc640d-05b3,267
COMBEYS-bc640d-96,268
COMBEYS-bc640d-0302,269
COMBEYS-bc640d-0469,270
COMBEYS-bc640d-054e,271
COMBEYS-bc640d-04e2,272
COMBEYS-bc640d-02d2,273
COMBEYS-bc640d-0177,274
COMBEYS-bc640d-0567,275
COMBEYS-bc640d-01f4,276
COMBEYS-bc640d-04a8,277
COMBEYS-bc640d-16,278
COMBEYS-bc640d-01c6,279
COMBEYS-bc640d-0391,280
COMBEYS-bc640d-0102,281
COMBEYS-bc640d-03ba,282
COMBEYS-bc640d-0618,283
COMBEYS-bc640d-a4,284
COMBEYS-bc640d-047c,285
COMBEYS-bc640d-53,286
COMBEYS-bc640d-0112,287
COMBEYS-bc640d-054f,288
COMBEYS-bc640d-02da,289
COMBEYS-bc640d-0482,290
COMBEYS-bc640d-d3,291
COMBEYS-bc640d-03ae,292
COMBEYS-bc640d-04c4,293
COMBEYS-bc640d-0516,294
COMBEYS-bc640d-012d,295
COMBEYS-bc640d-a0,296
COMBEYS-bc640d-027a,297
COMBEYS-bc640d-0300,298
COMBEYS-bc640d-01af,299
COMBEYS-bc640d-01d9,300
COMBEYS-bc640d-0200,301
COMBEYS-bc640d-04f4,302
COMBEYS-bc640d-0442,303
COMBEYS-bc640d-bd,304
COMBEYS-bc640d-014e,305
COMBEYS-bc640d-04fa,306
COMBEYS-bc640d-0305,307
COMBEYS-bc640d-03f2,308
COMBEYS-bc640d-0473,309
COMBEYS-bc640d-011f,310
COMBEYS-bc640d-0101,311
COMBEYS-bc640d-037c,312
COMBEYS-bc640d-02a7,313
COMBEYS-bc640d-0308,314
COMBEYS-bc640d-0549,315
COMBEYS-bc640d-c6,316
COMBEYS-bc640d-05aa,317
COMBEYS-bc640d-d4,318
COMBEYS-bc640d-029c,319
COMBEYS-bc640d-4d,320
COMBEYS-bc640d-78,321
COMBEYS-bc640d-0293,322
COMBEYS-bc640d-0138,323
COMBEYS-bc640d-020a,324
COMBEYS-bc640d-0284,325
COMBEYS-bc640d-02e1,326
COMBEYS-bc640d-012b,327
COMBEYS-bc640d-051c,328
COMBEYS-bc640d-0325,329
COMBEYS-bc640d-01a7,330
COMBEYS-bc640d-aa,331
COMBEYS-bc640d-0576,332
COMBEYS-bc640d-e1,333
COMBEYS-bc640d-0424,334
COMBEYS-bc640d-03e9,335
COMBEYS-bc640d-0596,336
COMBEYS-bc640d-034f,337
COMBEYS-bc640d-01d5,338
COMBEYS-bc640d-03d9,339
COMBEYS-bc640d-0423,340
COMBEYS-bc640d-0283,341
COMBEYS-bc640d-19,342
COMBEYS-bc640d-0369,343
COMBEYS-bc640d-0491,344
COMBEYS-bc640d-b7,345
COMBEYS-bc640d-1e,346
COMBEYS-bc640d-0334,347
COMBEYS-bc640d-0161,348
COMBEYS-bc640d-0528,349
COMBEYS-bc640d-0388,350
COMBEYS-bc640d-024c,351
COMBEYS-bc640d-0395,352
COMBEYS-bc640d-01ae,353
COMBEYS-bc640d-01e2,354
COMBEYS-bc640d-05a3,355
COMBEYS-bc640d-cd,356
COMBEYS-bc640d-03a7,357
COMBEYS-bc640d-01ee,358
COMBEYS-bc640d-05e8,359
COMBEYS-bc640d-0318,360
COMBEYS-bc640d-20,361
COMBEYS-bc640d-0481,362
COMBEYS-bc640d-011b,363
COMBEYS-bc640d-02d1,364
COMBEYS-bc640d-0518,365
COMBEYS-bc640d-0196,366
COMBEYS-bc640d-0531,367
COMBEYS-bc640d-0265,368
COMBEYS-bc640d-0420,369
COMBEYS-bc640d-02cb,370
COMBEYS-bc640d-0408,371
COMBEYS-bc640d-056d,372
COMBEYS-bc640d-0197,373
COMBEYS-bc640d-039c,374
COMBEYS-bc640d-03e8,375
COMBEYS-bc640d-13,376
COMBEYS-bc640d-03f1,377
COMBEYS-bc640d-e7,378
COMBEYS-bc640d-04b2,379
COMBEYS-bc640d-0234,380
COMBEYS-bc640d-060d,381
COMBEYS-bc640d-04bf,382
COMBEYS-bc640d-0551,383
COMBEYS-bc640d-02e9,384
COMBEYS-bc640d-f7,385
COMBEYS-bc640d-0361,386
COMBEYS-bc640d-0b,387
COMBEYS-bc640d-04ef,388
COMBEYS-bc640d-0574,389
COMBEYS-bc640d-b6,390
COMBEYS-bc640d-03d3,391
COMBEYS-bc640d-0299,392
COMBEYS-bc640d-032e,393
COMBEYS-bc640d-010a,394
COMBEYS-bc640d-0466,395
COMBEYS-bc640d-0238,396
COMBEYS-bc640d-0447,397
COMBEYS-bc640d-0114,398
COMBEYS-bc640d-03f8,399
COMBEYS-bc640d-0176,400
COMBEYS-bc640d-8a,401
COMBEYS-bc640d-0545,402
COMBEYS-bc640d-0494,403
COMBEYS-bc640d-05ad,404
COMBEYS-bc640d-0348,405
COMBEYS-bc640d-01fb,406
COMBEYS-bc640d-037e,407
COMBEYS-bc640d-0562,408
COMBEYS-bc640d-026e,409
COMBEYS-bc640d-0331,410
COMBEYS-bc640d-0263,411
COMBEYS-bc640d-0436,412
COMBEYS-bc640d-017c,413
COMBEYS-bc640d-0159,414
COMBEYS-bc640d-05b1,415
COMBEYS-bc640d-f6,416
COMBEYS-bc640d-04c6,417
COMBEYS-bc640d-04f8,418
COMBEYS-bc640d-05f5,419
COMBEYS-bc640d-0434,420
COMBEYS-bc640d-01ba,421
COMBEYS-bc640d-01c0,422
COMBEYS-bc640d-09,423
COMBEYS-bc640d-032c,424
COMBEYS-bc640d-01c9,425
COMBEYS-bc640d-01ed,426
COMBEYS-bc640d-03d4,427
COMBEYS-bc640d-04a9,428
COMBEYS-bc640d-05fe,429
COMBEYS-bc640d-0119,430
COMBEYS-bc640d-043c,431
COMBEYS-bc640d-018b,432
COMBEYS-bc640d-0215,433
COMBEYS-bc640d-0141,434
COMBEYS-bc640d-0349,435
COMBEYS-bc640d-c0,436
COMBEYS-bc640d-95,437
COMBEYS-bc640d-0542,438
COMBEYS-bc640d-057a,439
COMBEYS-bc640d-01f9,440
COMBEYS-bc640d-0440,441
COMBEYS-bc640d-0412,442
COMBEYS-bc640d-05d4,443
COMBEYS-bc640d-0254,444
COMBEYS-bc640d-056b,445
COMBEYS-bc640d-03c6,446
COMBEYS-bc640d-0523,447
COMBEYS-bc640d-e0,448
COMBEYS-bc640d-04dc,449
COMBEYS-bc640d-0343,450
COMBEYS-bc640d-0129,451
COMBEYS-bc640d-03f7,452
COMBEYS-bc640d-05bc,453
COMBEYS-bc640d-0584,454
COMBEYS-bc640d-90,455
COMBEYS-bc640d-0431,456
COMBEYS-bc640d-03c8,457
COMBEYS-bc640d-0f,458
COMBEYS-bc640d-02d8,459
COMBEYS-bc640d-01ec,460
COMBEYS-bc640d-04e4,461
COMBEYS-bc640d-0285,462
COMBEYS-bc640d-0220,463
COMBEYS-bc640d-049c,464
COMBEYS-bc640d-010f,465
COMBEYS-bc640d-0224,466
COMBEYS-bc640d-05af,467
COMBEYS-bc640d-0526,468
COMBEYS-bc640d-019c,469
COMBEYS-bc640d-0351,470
COMBEYS-bc640d-04f9,471
COMBEYS-bc640d-04d9,472
COMBEYS-bc640d-e9,473
COMBEYS-bc640d-058f,474
COMBEYS-bc640d-01c7,475
COMBEYS-bc640d-0503,476
COMBEYS-bc640d-05b2,477
COMBEYS-bc640d-7c,478
COMBEYS-bc640d-056e,479
COMBEYS-bc640d-0367,480
COMBEYS-bc640d-0126,481
COMBEYS-bc640d-18,482
COMBEYS-bc640d-05ca,483
COMBEYS-bc640d-03cd,484
COMBEYS-bc640d-63,485
COMBEYS-bc640d-021c,486
COMBEYS-bc640d-02e0,487
COMBEYS-bc640d-046a,488
COMBEYS-bc640d-03c2,489
COMBEYS-bc640d-0559,490
COMBEYS-bc640d-039e,491
COMBEYS-bc640d-033b,492
COMBEYS-bc640d-0298,493
COMBEYS-bc640d-01d8,494
COMBEYS-bc640d-05f0,495
COMBEYS-bc640d-ff,496
COMBEYS-bc640d-0607,497
COMBEYS-bc640d-17,498
COMBEYS-bc640d-0259,499
COMBEYS-bc640d-041b,500
COMBEYS-bc640d-0590,501
COMBEYS-bc640d-045d,502
COMBEYS-bc640d-0614,503
COMBEYS-bc640d-02af,504
COMBEYS-bc640d-041a,505
COMBEYS-bc640d-0416,506
COMBEYS-bc640d-030a,507
COMBEYS-bc640d-31,508
COMBEYS-bc640d-03c7,509
COMBEYS-bc640d-04e9,510
COMBEYS-bc640d-04a0,511
COMBEYS-bc640d-0485,512
COMBEYS-bc640d-01a9,513
COMBEYS-bc640d-0591,514
COMBEYS-bc640d-02fa,515
COMBEYS-bc640d-012f,516
COMBEYS-bc640d-042b,517
COMBEYS-bc640d-03c9,518
COMBEYS-bc640d-05ba,519
COMBEYS-bc640d-0e,520
COMBEYS-bc640d-014d,521
COMBEYS-bc640d-060f,522
COMBEYS-bc640d-0371,523
COMBEYS-bc640d-0230,524
COMBEYS-bc640d-05fc,525
COMBEYS-bc640d-14,526
COMBEYS-bc640d-012e,527
COMBEYS-bc640d-01a8,528
COMBEYS-bc640d-05df,529
COMBEYS-bc640d-050e,530
COMBEYS-bc640d-04b4,531
COMBEYS-bc640d-04a2,532
COMBEYS-bc640d-69,533
COMBEYS-bc640d-02c3,534
COMBEYS-bc640d-04a4,535
COMBEYS-bc640d-038a,536
COMBEYS-bc640d-05a5,537
COMBEYS-bc640d-94,538
COMBEYS-bc640d-ce,539
COMBEYS-bc640d-034b,540
COMBEYS-bc640d-b4,541
COMBEYS-bc640d-02bd,542
COMBEYS-bc640d-0501,543
COMBEYS-bc640d-0201,544
COMBEYS-bc640d-a2,545
COMBEYS-bc640d-01,546
COMBEYS-bc640d-0533,547
COMBEYS-bc640d-59,548
COMBEYS-bc640d-041f,549
COMBEYS-bc640d-0249,550
COMBEYS-bc640d-0245,551
COMBEYS-bc640d-04d4,552
COMBEYS-bc640d-bf,553
COMBEYS-bc640d-05e3,554
COMBEYS-bc640d-0306,555
COMBEYS-bc640d-05f2,556
COMBEYS-bc640d-01c4,557
COMBEYS-bc640d-0472,558
COMBEYS-bc640d-051d,559
COMBEYS-bc640d-25,560
COMBEYS-bc640d-045b,561
COMBEYS-bc640d-023e,562
COMBEYS-bc640d-0307,563
COMBEYS-bc640d-043f,564
COMBEYS-bc640d-01d7,565
COMBEYS-bc640d-0616,566
COMBEYS-bc640d-0606,567
COMBEYS-bc640d-1f,568
COMBEYS-bc640d-0353,569
COMBEYS-bc640d-021f,570
COMBEYS-bc640d-0137,571
COMBEYS-bc640d-02c8,572
COMBEYS-bc640d-03db,573
COMBEYS-bc640d-022b,574
COMBEYS-bc640d-04b5,575
COMBEYS-bc640d-01d2,576
COMBEYS-bc640d-04c2,577
COMBEYS-bc640d-22,578
COMBEYS-bc640d-0207,579
COMBEYS-bc640d-0149,580
COMBEYS-bc640d-0394,581
COMBEYS-bc640d-022e,582
COMBEYS-bc640d-9f,583
COMBEYS-bc640d-02f9,584
COMBEYS-bc640d-0617,585
COMBEYS-bc640d-0547,586
COMBEYS-bc640d-04d0,587
COMBEYS-bc640d-15,588
COMBEYS-bc640d-0592,589
COMBEYS-bc640d-48,590
COMBEYS-bc640d-6d,591
COMBEYS-bc640d-0384,592
COMBEYS-bc640d-035c,593
COMBEYS-bc640d-018d,594
COMBEYS-bc640d-03b9,595
COMBEYS-bc640d-015b,596
COMBEYS-bc640d-04fc,597
COMBEYS-bc640d-059f,598
COMBEYS-bc640d-040b,599
COMBEYS-bc640d-0170,600
COMBEYS-bc640d-01a0,601
COMBEYS-bc640d-01a6,602
COMBEYS-bc640d-014b,603
COMBEYS-bc640d-0267,604
COMBEYS-bc640d-0577,605
COMBEYS-bc640d-0181,606
COMBEYS-bc640d-034a,607
COMBEYS-bc640d-052d,608
COMBEYS-bc640d-052a,609
COMBEYS-bc640d-d1,610
COMBEYS-bc640d-03b4,611
COMBEYS-bc640d-057d,612
COMBEYS-bc640d-5e,613
COMBEYS-bc640d-0326,614
COMBEYS-bc640d-0231,615
COMBEYS-bc640d-0291,616
COMBEYS-bc640d-0341,617
COMBEYS-bc640d-8d,618
COMBEYS-bc640d-0153,619
COMBEYS-bc640d-028a,620
COMBEYS-bc640d-03ef,621
COMBEYS-bc640d-0260,622
COMBEYS-bc640d-cb,623
COMBEYS-bc640d-fb,624
COMBEYS-bc640d-2e,625
COMBEYS-bc640d-05b0,626
COMBEYS-bc640d-2a,627
COMBEYS-bc640d-a6,628
COMBEYS-bc640d-0350,629
COMBEYS-bc640d-0251,630
COMBEYS-bc640d-0521,631
COMBEYS-bc640d-029b,632
COMBEYS-bc640d-0312,633
COMBEYS-bc640d-02d0,634
COMBEYS-bc640d-b3,635
COMBEYS-bc640d-58,636
COMBEYS-bc640d-0227,637
COMBEYS-bc640d-88,638
COMBEYS-bc640d-0483,639
COMBEYS-bc640d-0359,640
COMBEYS-bc640d-051a,641
COMBEYS-bc640d-054c,642
COMBEYS-bc640d-023f,643
COMBEYS-bc640d-0143,644
COMBEYS-bc640d-05d0,645
COMBEYS-bc640d-0127,646
COMBEYS-bc640d-0d,647
COMBEYS-bc640d-0570,648
COMBEYS-bc640d-0156,649
COMBEYS-bc640d-0406,650
COMBEYS-bc640d-04a6,651
COMBEYS-bc640d-052c,652
COMBEYS-bc640d-0139,653
COMBEYS-bc640d-0345,654
COMBEYS-bc640d-0555,655
COMBEYS-bc640d-024f,656
COMBEYS-bc640d-04e6,657
COMBEYS-bc640d-e4,658
COMBEYS-bc640d-0422,659
COMBEYS-bc640d-0335,660
COMBEYS-bc640d-03cb,661
COMBEYS-bc640d-01b0,662
COMBEYS-bc640d-02ef,663
COMBEYS-bc640d-01dc,664
COMBEYS-bc640d-03e1,665
COMBEYS-bc640d-12,666
COMBEYS-bc640d-0150,667
COMBEYS-bc640d-0329,668
COMBEYS-bc640d-72,669
COMBEYS-bc640d-02ee,670
COMBEYS-bc640d-0242,671
COMBEYS-bc640d-03d0,672
COMBEYS-bc640d-05a2,673
COMBEYS-bc640d-03dd,674
COMBEYS-bc640d-019a,675
COMBEYS-bc640d-031d,676
COMBEYS-bc640d-050c,677
COMBEYS-bc640d-0261,678
COMBEYS-bc640d-2c,679
COMBEYS-bc640d-0511,680
COMBEYS-bc640d-0582,681
COMBEYS-bc640d-048a,682
COMBEYS-bc640d-68,683
COMBEYS-bc640d-7b,684
COMBEYS-bc640d-d2,685
COMBEYS-bc640d-04c8,686
COMBEYS-bc640d-0190,687
COMBEYS-bc640d-04ad,688
COMBEYS-bc640d-0a,689
COMBEYS-bc640d-05bd,690
COMBEYS-bc640d-61,691
COMBEYS-bc640d-05ac,692
COMBEYS-bc640d-0530,693
COMBEYS-bc640d-0304,694
COMBEYS-bc640d-05ee,695
COMBEYS-bc640d-02c4,696
COMBEYS-bc640d-036e,697
COMBEYS-bc640d-01b1,698
COMBEYS-bc640d-03ed,699
COMBEYS-bc640d-0212,700
COMBEYS-bc640d-01f6,701
COMBEYS-bc640d-053b,702
COMBEYS-bc640d-01d4,703
COMBEYS-bc640d-0354,704
COMBEYS-bc640d-055f,705
COMBEYS-bc640d-0453,706
COMBEYS-bc640d-04e0,707
COMBEYS-bc640d-057e,708
COMBEYS-bc640d-03ca,709
COMBEYS-bc640d-0564,710
COMBEYS-bc640d-02a4,711
COMBEYS-bc640d-04fe,712
COMBEYS-bc640d-02db,713
COMBEYS-bc640d-037f,714
COMBEYS-bc640d-0321,715
COMBEYS-bc640d-0216,716
COMBEYS-bc640d-55,717
COMBEYS-bc640d-0380,718
COMBEYS-bc640d-0496,719
COMBEYS-bc640d-043e,720
COMBEYS-bc640d-035f,721
COMBEYS-bc640d-26,722
COMBEYS-bc640d-01db,723
COMBEYS-bc640d-0532,724
COMBEYS-bc640d-05fd,725
COMBEYS-bc640d-04ab,726
COMBEYS-bc640d-023c,727
COMBEYS-bc640d-040e,728
COMBEYS-bc640d-032b,729
COMBEYS-bc640d-66,730
COMBEYS-bc640d-0344,731
COMBEYS-bc640d-059c,732
COMBEYS-bc640d-77,733
COMBEYS-bc640d-05e4,734
COMBEYS-bc640d-0158,735
COMBEYS-bc640d-01ce,736
COMBEYS-bc640d-0204,737
COMBEYS-bc640d-0414,738
COMBEYS-bc640d-041d,739
COMBEYS-bc640d-02ab,740
COMBEYS-bc640d-01f8,741
COMBEYS-bc640d-021e,742
COMBEYS-bc640d-0103,743
COMBEYS-bc640d-c7,744
COMBEYS-bc640d-eb,745
COMBEYS-bc640d-02ac,746
COMBEYS-bc640d-060c,747
COMBEYS-bc640d-016e,748
COMBEYS-bc640d-05c9,749
COMBEYS-bc640d-06,750
COMBEYS-bc640d-0222,751
COMBEYS-bc640d-048c,752
COMBEYS-bc640d-0378,753
COMBEYS-bc640d-04,754
COMBEYS-bc640d-04b0,755
COMBEYS-bc640d-c8,756
COMBEYS-bc640d-0427,757
COMBEYS-bc640d-040f,758
COMBEYS-bc640d-0240,759
COMBEYS-bc640d-01ab,760
COMBEYS-bc640d-0405,761
COMBEYS-bc640d-019d,762
COMBEYS-bc640d-058a,763
COMBEYS-bc640d-c2,764
COMBEYS-bc640d-0346,765
COMBEYS-bc640d-032a,766
COMBEYS-bc640d-05b8,767
COMBEYS-bc640d-0480,768
COMBEYS-bc640d-05d9,769
COMBEYS-bc640d-0257,770
COMBEYS-bc640d-03fe,771
COMBEYS-bc640d-01c5,772
COMBEYS-bc640d-036b,773
COMBEYS-bc640d-02cf,774
COMBEYS-bc640d-039f,775
COMBEYS-bc640d-05a6,776
COMBEYS-bc640d-033a,777
COMBEYS-bc640d-05ef,778
COMBEYS-bc640d-d0,779
COMBEYS-bc640d-7a,780
COMBEYS-bc640d-0232,781
COMBEYS-bc640d-0131,782
COMBEYS-bc640d-01e8,783
COMBEYS-bc640d-46,784
COMBEYS-bc640d-05d3,785
COMBEYS-bc640d-05e2,786
COMBEYS-bc640d-0484,787
COMBEYS-bc640d-0490,788
COMBEYS-bc640d-05ec,789
COMBEYS-bc640d-050b,790
COMBEYS-bc640d-014f,791
COMBEYS-bc640d-02ec,792
COMBEYS-bc640d-0498,793
COMBEYS-bc640d-a5,794
COMBEYS-bc640d-033e,795
COMBEYS-bc640d-0117,796
COMBEYS-bc640d-0352,797
COMBEYS-bc640d-01c2,798
COMBEYS-bc640d-030e,799
COMBEYS-bc640d-033f,800
COMBEYS-bc640d-02,801
COMBEYS-bc640d-0543,802
COMBEYS-bc640d-025d,803
COMBEYS-bc640d-0133,804
COMBEYS-bc640d-05f6,805
COMBEYS-bc640d-0105,806
COMBEYS-bc640d-03b3,807
COMBEYS-bc640d-0136,808
COMBEYS-bc640d-0507,809
COMBEYS-bc640d-056f,810
COMBEYS-bc640d-0310,811
COMBEYS-bc640d-033d,812
COMBEYS-bc640d-0489,813
COMBEYS-bc640d-046d,814
COMBEYS-bc640d-018e,815
COMBEYS-bc640d-029e,816
COMBEYS-bc640d-9e,817
COMBEYS-bc640d-0468,818
COMBEYS-bc640d-02b2,819
COMBEYS-bc640d-023d,820
COMBEYS-bc640d-03f9,821
COMBEYS-bc640d-0303,822
COMBEYS-bc640d-0286,823
COMBEYS-bc640d-02f7,824
COMBEYS-bc640d-039a,825
COMBEYS-bc640d-0109,826
COMBEYS-bc640d-030d,827
COMBEYS-bc640d-05f8,828
COMBEYS-bc640d-04a7,829
COMBEYS-bc640d-05c7,830
COMBEYS-bc640d-0455,831
COMBEYS-bc640d-04f3,832
COMBEYS-bc640d-0463,833
COMBEYS-bc640d-0287,834
COMBEYS-bc640d-04b7,835
COMBEYS-bc640d-05,836
COMBEYS-bc640d-028b,837
COMBEYS-bc640d-0247,838
COMBEYS-bc640d-05a0,839
COMBEYS-bc640d-0488,840
COMBEYS-bc640d-055b,841
COMBEYS-bc640d-046b,842
COMBEYS-bc640d-0396,843
COMBEYS-bc640d-10,844
COMBEYS-bc640d-1c,845
COMBEYS-bc640d-0459,846
COMBEYS-bc640d-e5,847
COMBEYS-bc640d-0205,848
COMBEYS-bc640d-05ab,849
COMBEYS-bc640d-03df,850
COMBEYS-bc640d-37,851
COMBEYS-bc640d-0250,852
COMBEYS-bc640d-5d,853
COMBEYS-bc640d-08,854
COMBEYS-bc640d-0122,855
COMBEYS-bc640d-fa,856
COMBEYS-bc640d-01e4,857
COMBEYS-bc640d-0198,858
COMBEYS-bc640d-05bb,859
COMBEYS-bc640d-0571,860
COMBEYS-bc640d-01df,861
COMBEYS-bc640d-0195,862
COMBEYS-bc640d-0c,863
COMBEYS-bc640d-030c,864
COMBEYS-bc640d-03cc,865
COMBEYS-bc640d-0550,866
COMBEYS-bc640d-0118,867
COMBEYS-bc640d-036a,868
COMBEYS-bc640d-03f0,869
COMBEYS-bc640d-025e,870
COMBEYS-bc640d-1a,871
COMBEYS-bc640d-059e,872
COMBEYS-bc640d-0500,873
COMBEYS-bc640d-70,874
COMBEYS-bc640d-de,875
COMBEYS-bc640d-0433,876
COMBEYS-bc640d-0165,877
COMBEYS-bc640d-04b3,878
COMBEYS-bc640d-0454,879
COMBEYS-bc640d-0229,880
COMBEYS-bc640d-01e6,881
COMBEYS-bc640d-9a,882
COMBEYS-bc640d-0183,883
COMBEYS-bc640d-0452,884
COMBEYS-bc640d-0471,885
COMBEYS-bc640d-0536,886
COMBEYS-bc640d-03,887
COMBEYS-bc640d-0474,888
COMBEYS-bc640d-0495,889
COMBEYS-bc640d-0271,890
COMBEYS-bc640d-0432,891
COMBEYS-bc640d-04b9,892
COMBEYS-bc640d-0404,893
COMBEYS-bc640d-0140,894
COMBEYS-bc640d-02d5,895
COMBEYS-bc640d-07,896
COMBEYS-bc640d-01a1,897
COMBEYS-bc640d-02a8,898
COMBEYS-bc640d-02dd,899
COMBEYS-bc640d-fd,900
COMBEYS-bc640d-0255,901
COMBEYS-bc640d-04ff,902
COMBEYS-bc640d-0522,903
COMBEYS-bc640d-032d,904
COMBEYS-bc640d-047d,905
COMBEYS-bc640d-9b,906
COMBEYS-bc640d-03be,907
COMBEYS-bc640d-02bc,908
COMBEYS-bc640d-04bd,909
COMBEYS-bc640d-0421,910
COMBEYS-bc640d-0510,911
COMBEYS-bc640d-0243,912
COMBEYS-bc640d-0520,913
COMBEYS-bc640d-6e,914
COMBEYS-bc640d-01d3,915
COMBEYS-bc640d-03d2,916
COMBEYS-bc640d-0438,917
COMBEYS-bc640d-04f6,918
COMBEYS-bc640d-05c4,919
COMBEYS-bc640d-01bc,920
COMBEYS-bc640d-0377,921
COMBEYS-bc640d-02b1,922
COMBEYS-bc640d-0560,923
COMBEYS-bc640d-024e,924
COMBEYS-bc640d-0273,925
COMBEYS-bc640d-01bf,926
COMBEYS-bc640d-03a8,927
COMBEYS-bc640d-042c,928
COMBEYS-bc640d-037d,929
COMBEYS-bc640d-048d,930
COMBEYS-bc640d-049f,931
COMBEYS-bc640d-0237,932
COMBEYS-bc640d-0573,933
COMBEYS-bc640d-05e5,934
COMBEYS-bc640d-02f4,935
COMBEYS-bc640d-0578,936
COMBEYS-bc640d-0368,937
COMBEYS-bc640d-02f8,938
COMBEYS-bc640d-0264,939
COMBEYS-bc640d-c9,940
COMBEYS-bc640d-04da,941
COMBEYS-bc640d-056c,942
COMBEYS-bc640d-03cf,943
COMBEYS-bc640d-0186,944
COMBEYS-bc640d-01cd,945
COMBEYS-bc640d-02ff,946
COMBEYS-bc640d-43,947
COMBEYS-bc640d-02f5,948
COMBEYS-bc640d-01eb,949
COMBEYS-bc640d-02e3,950
COMBEYS-bc640d-059b,951
COMBEYS-bc640d-0552,952
COMBEYS-bc640d-01fd,953
COMBEYS-bc640d-041e,954
COMBEYS-bc640d-0241,955
COMBEYS-bc640d-02b7,956
COMBEYS-bc640d-d9,957
COMBEYS-bc640d-012c,958
COMBEYS-bc640d-02ae,959
COMBEYS-bc640d-0314,960
COMBEYS-bc640d-052f,961
COMBEYS-bc640d-027e,962
COMBEYS-bc640d-0107,963
COMBEYS-bc640d-044c,964
COMBEYS-bc640d-04a3,965
COMBEYS-bc640d-0289,966
COMBEYS-bc640d-0146,967
COMBEYS-bc640d-b9,968
COMBEYS-bc640d-034d,969
COMBEYS-bc640d-28,970
COMBEYS-bc640d-020e,971
COMBEYS-bc640d-04d2,972
COMBEYS-bc640d-0563,973
COMBEYS-bc640d-01e7,974
COMBEYS-bc640d-9d,975
COMBEYS-bc640d-0221,976
COMBEYS-bc640d-01f3,977
COMBEYS-bc640d-015e,978
COMBEYS-bc640d-047e,979
COMBEYS-bc640d-016d,980
COMBEYS-bc640d-da,981
COMBEYS-bc640d-022a,982
COMBEYS-bc640d-d5,983
COMBEYS-bc640d-046e,984
COMBEYS-bc640d-02d3,985
COMBEYS-bc640d-f3,986
COMBEYS-bc640d-04ea,987
COMBEYS-bc640d-02a3,988
COMBEYS-bc640d-0274,989
COMBEYS-bc640d-9c,990
COMBEYS-bc640d-0235,991
COMBEYS-bc640d-d6,992
COMBEYS-bc640d-0557,993
COMBEYS-bc640d-0203,994
COMBEYS-bc640d-05a4,995
COMBEYS-bc640d-04f2,996
COMBEYS-bc640d-7f,997
COMBEYS-bc640d-037b,998
COMBEYS-bc640d-04f1,999
COMBEYS-bc640d-0148,1000
COMBEYS-bc640d-98,1001
COMBEYS-bc640d-049d,1002
COMBEYS-bc640d-0435,1003
COMBEYS-bc640d-02bb,1004
COMBEYS-bc640d-b2,1005
COMBEYS-bc640d-0213,1006
COMBEYS-bc640d-05b5,1007
COMBEYS-bc640d-02b8,1008
COMBEYS-bc640d-02d9,1009
COMBEYS-bc640d-0365,1010
COMBEYS-bc640d-05be,1011
COMBEYS-bc640d-0554,1012
COMBEYS-bc640d-05de,1013
COMBEYS-bc640d-bb,1014
COMBEYS-bc640d-02b9,1015
COMBEYS-bc640d-021d,1016
COMBEYS-bc640d-045f,1017
COMBEYS-bc640d-0553,1018
COMBEYS-bc640d-0493,1019
COMBEYS-bc640d-0311,1020
COMBEYS-bc640d-0611,1021
COMBEYS-bc640d-04d3,1022
COMBEYS-bc640d-03b8,1023
COMBEYS-bc640d-0256,1024
COMBEYS-bc640d-05f3,1025
COMBEYS-bc640d-0393,1026
COMBEYS-bc640d-0597,1027
COMBEYS-bc640d-04aa,1028
COMBEYS-bc640d-0446,1029
COMBEYS-bc640d-01e5,1030
COMBEYS-bc640d-05fa,1031
COMBEYS-bc640d-02d7,1032
COMBEYS-bc640d-02e2,1033
COMBEYS-bc640d-051f,1034
COMBEYS-bc640d-0233,1035
COMBEYS-bc640d-0602,1036
COMBEYS-bc640d-0585,1037
COMBEYS-bc640d-6c,1038
COMBEYS-bc640d-03e0,1039
COMBEYS-bc640d-c1,1040
COMBEYS-bc640d-05eb,1041
COMBEYS-bc640d-01b7,1042
COMBEYS-bc640d-0499,1043
COMBEYS-bc640d-0226,1044
COMBEYS-bc640d-053e,1045
COMBEYS-bc640d-01aa,1046
COMBEYS-bc640d-0415,1047
COMBEYS-bc640d-0587,1048
COMBEYS-bc640d-0355,1049
COMBEYS-bc640d-019e,1050
COMBEYS-bc640d-02e6,1051
COMBEYS-bc640d-0565,1052
COMBEYS-bc640d-0151,1053
COMBEYS-bc640d-04c9,1054
COMBEYS-bc640d-04fb,1055
COMBEYS-bc640d-0100,1056
COMBEYS-bc640d-036c,1057
COMBEYS-bc640d-04dd,1058
COMBEYS-bc640d-04cf,1059
COMBEYS-bc640d-0301,1060
COMBEYS-bc640d-0508,1061
COMBEYS-bc640d-02df,1062
COMBEYS-bc640d-03b2,1063
COMBEYS-bc640d-02fb,1064
COMBEYS-bc640d-0524,1065
COMBEYS-bc640d-059a,1066
COMBEYS-bc640d-0317,1067
COMBEYS-bc640d-0172,1068
COMBEYS-bc640d-42,1069
COMBEYS-bc640d-a3,1070
COMBEYS-bc640d-042a,1071
COMBEYS-bc640d-8f,1072
COMBEYS-bc640d-04bc,1073
COMBEYS-bc640d-0290,1074
COMBEYS-bc640d-03eb,1075
COMBEYS-bc640d-02ba,1076
COMBEYS-bc640d-0539,1077
COMBEYS-bc640d-013c,1078
COMBEYS-bc640d-04d6,1079
COMBEYS-bc640d-03c3,1080
COMBEYS-bc640d-057f,1081
COMBEYS-bc640d-01e3,1082
COMBEYS-bc640d-0612,1083
COMBEYS-bc640d-0277,1084
COMBEYS-bc640d-02b4,1085
COMBEYS-bc640d-044e,1086
COMBEYS-bc640d-0228,1087
COMBEYS-bc640d-02ea,1088
COMBEYS-bc640d-03f4,1089
COMBEYS-bc640d-044d,1090
COMBEYS-bc640d-0266,1091
COMBEYS-bc640d-04d1,1092
COMBEYS-bc640d-0390,1093
COMBEYS-bc640d-0512,1094
COMBEYS-bc640d-0191,1095
COMBEYS-bc640d-74,1096
COMBEYS-bc640d-0337,1097
COMBEYS-bc640d-af,1098
COMBEYS-bc640d-01ca,1099
COMBEYS-bc640d-053d,1100
COMBEYS-bc640d-0538,1101
COMBEYS-bc640d-35,1102
COMBEYS-bc640d-02b6,1103
COMBEYS-bc640d-031a,1104
COMBEYS-bc640d-0253,1105
COMBEYS-bc640d-041c,1106
COMBEYS-bc640d-017b,1107
COMBEYS-bc640d-0370,1108
COMBEYS-bc640d-024d,1109
COMBEYS-bc640d-03c4,1110
COMBEYS-bc640d-05cf,1111
COMBEYS-bc640d-058c,1112
COMBEYS-bc640d-011c,1113
COMBEYS-bc640d-04f5,1114
COMBEYS-bc640d-022c,1115
COMBEYS-bc640d-02ed,1116
COMBEYS-bc640d-0113,1117
COMBEYS-bc640d-01cb,1118
COMBEYS-bc640d-045c,1119
COMBEYS-bc640d-4a,1120
COMBEYS-bc640d-ba,1121
COMBEYS-bc640d-03c0,1122
COMBEYS-bc640d-75,1123
COMBEYS-bc640d-04cb,1124
COMBEYS-bc640d-04c3,1125
COMBEYS-bc640d-86,1126
COMBEYS-bc640d-f9,1127
COMBEYS-bc640d-0525,1128
COMBEYS-bc640d-0366,1129
COMBEYS-bc640d-0120,1130
COMBEYS-bc640d-ab,1131
COMBEYS-bc640d-048e,1132
COMBEYS-bc640d-54,1133
COMBEYS-bc640d-03fc,1134
COMBEYS-bc640d-0252,1135
COMBEYS-bc640d-56,1136
COMBEYS-bc640d-0506,1137
COMBEYS-bc640d-05cb,1138
COMBEYS-bc640d-0475,1139
COMBEYS-bc640d-0398,1140
COMBEYS-bc640d-04bb,1141
COMBEYS-bc640d-0206,1142
COMBEYS-bc640d-02a9,1143
COMBEYS-bc640d-01c1,1144
COMBEYS-bc640d-0189,1145
COMBEYS-bc640d-0613,1146
COMBEYS-bc640d-3f,1147
COMBEYS-bc640d-0467,1148
COMBEYS-bc640d-05d1,1149
COMBEYS-bc640d-03d1,1150
COMBEYS-bc640d-049e,1151
COMBEYS-bc640d-021a,1152
COMBEYS-bc640d-03fa,1153
COMBEYS-bc640d-0544,1154
COMBEYS-bc640d-04ee,1155
COMBEYS-bc640d-013f,1156
COMBEYS-bc640d-0458,1157
COMBEYS-bc640d-04ca,1158
COMBEYS-bc640d-ae,1159
COMBEYS-bc640d-0572,1160
COMBEYS-bc640d-04cd,1161
COMBEYS-bc640d-47,1162
COMBEYS-bc640d-05d7,1163
COMBEYS-bc640d-0278,1164
COMBEYS-bc640d-01b4,1165
COMBEYS-bc640d-0202,1166
COMBEYS-bc640d-035e,1167
COMBEYS-bc640d-04c1,1168
COMBEYS-bc640d-cf,1169
COMBEYS-bc640d-018a,1170
COMBEYS-bc640d-0608,1171
COMBEYS-bc640d-01fe,1172
COMBEYS-bc640d-02c1,1173
COMBEYS-bc640d-ef,1174
COMBEYS-bc640d-0580,1175
COMBEYS-bc640d-79,1176
COMBEYS-bc640d-04ce,1177
COMBEYS-bc640d-02ca,1178
COMBEYS-bc640d-031f,1179
COMBEYS-bc640d-92,1180
COMBEYS-bc640d-0185,1181
COMBEYS-bc640d-05dc,1182
COMBEYS-bc640d-04ed,1183
COMBEYS-bc640d-03ad,1184
COMBEYS-bc640d-02c9,1185
COMBEYS-bc640d-03aa,1186
COMBEYS-bc640d-0561,1187
COMBEYS-bc640d-0407,1188
COMBEYS-bc640d-054a,1189
COMBEYS-bc640d-e2,1190
COMBEYS-bc640d-0360,1191
COMBEYS-bc640d-0401,1192
COMBEYS-bc640d-33,1193
COMBEYS-bc640d-0529,1194
COMBEYS-bc640d-04d5,1195
COMBEYS-bc640d-016f,1196
COMBEYS-bc640d-03a2,1197
COMBEYS-bc640d-05ed,1198
COMBEYS-bc640d-99,1199
COMBEYS-bc640d-018f,1200
COMBEYS-bc640d-5a,1201
COMBEYS-bc640d-0478,1202
COMBEYS-bc640d-0147,1203
COMBEYS-bc640d-01c3,1204
COMBEYS-bc640d-034e,1205
COMBEYS-bc640d-026b,1206
COMBEYS-bc640d-0444,1207
COMBEYS-bc640d-62,1208
COMBEYS-bc640d-01da,1209
COMBEYS-bc640d-048f,1210
COMBEYS-bc640d-04be,1211
COMBEYS-bc640d-0470,1212
COMBEYS-bc640d-0462,1213
COMBEYS-bc640d-23,1214
COMBEYS-bc640d-0296,1215
COMBEYS-bc640d-0583,1216
COMBEYS-bc640d-01bd,1217
COMBEYS-bc640d-0397,1218
COMBEYS-bc640d-01a4,1219
COMBEYS-bc640d-060a,1220
COMBEYS-bc640d-0108,1221
COMBEYS-bc640d-039b,1222
COMBEYS-bc640d-03a5,1223
COMBEYS-bc640d-01cc,1224
COMBEYS-bc640d-0379,1225
COMBEYS-bc640d-0152,1226
COMBEYS-bc640d-0167,1227
COMBEYS-bc640d-0601,1228
COMBEYS-bc640d-021b,1229
COMBEYS-bc640d-03bf,1230
COMBEYS-bc640d-52,1231
COMBEYS-bc640d-0588,1232
COMBEYS-bc640d-038e,1233
COMBEYS-bc640d-0441,1234
COMBEYS-bc640d-a7,1235
COMBEYS-bc640d-025c,1236
COMBEYS-bc640d-0166,1237
COMBEYS-bc640d-db,1238
COMBEYS-bc640d-028f,1239
COMBEYS-bc640d-4e,1240
COMBEYS-bc640d-0187,1241
COMBEYS-bc640d-7d,1242
COMBEYS-bc640d-02b3,1243
COMBEYS-bc640d-047f,1244
COMBEYS-bc640d-57,1245
COMBEYS-bc640d-05d2,1246
COMBEYS-bc640d-01d0,1247
COMBEYS-bc640d-0568,1248
COMBEYS-bc640d-060e,1249
COMBEYS-bc640d-0460,1250
COMBEYS-bc640d-45,1251
COMBEYS-bc640d-0410,1252
COMBEYS-bc640d-01bb,1253
COMBEYS-bc640d-e6,1254
COMBEYS-bc640d-03a4,1255
COMBEYS-bc640d-03ec,1256
COMBEYS-bc640d-0179,1257
COMBEYS-bc640d-0178,1258
COMBEYS-bc640d-8b,1259
COMBEYS-bc640d-051b,1260
COMBEYS-bc640d-30,1261
COMBEYS-bc640d-04e5,1262
COMBEYS-bc640d-0225,1263
COMBEYS-bc640d-0363,1264
COMBEYS-bc640d-015c,1265
COMBEYS-bc640d-036f,1266
COMBEYS-bc640d-84,1267
COMBEYS-bc640d-4c,1268
COMBEYS-bc640d-ca,1269
COMBEYS-bc640d-03b1,1270
COMBEYS-bc640d-0399,1271
COMBEYS-bc640d-03ac,1272
COMBEYS-bc640d-056a,1273
COMBEYS-bc640d-0381,1274
COMBEYS-bc640d-0162,1275
COMBEYS-bc640d-65,1276
COMBEYS-bc640d-32,1277
COMBEYS-bc640d-0132,1278
COMBEYS-bc640d-02f1,1279
COMBEYS-bc640d-039d,1280
COMBEYS-bc640d-04af,1281
COMBEYS-bc640d-41,1282
COMBEYS-bc640d-0130,1283
COMBEYS-bc640d-03b5,1284
COMBEYS-bc640d-010d,1285
COMBEYS-bc640d-042f,1286
COMBEYS-bc640d-046c,1287
COMBEYS-bc640d-0276,1288
COMBEYS-bc640d-035a,1289
COMBEYS-bc640d-4f,1290
COMBEYS-bc640d-0600,1291
COMBEYS-bc640d-05b4,1292
COMBEYS-bc640d-e3,1293
COMBEYS-bc640d-052b,1294
COMBEYS-bc640d-0382,1295
COMBEYS-bc640d-1b,1296
COMBEYS-bc640d-03de,1297
COMBEYS-bc640d-0145,1298
COMBEYS-bc640d-0182,1299
COMBEYS-bc640d-028c,1300
COMBEYS-bc640d-71,1301
COMBEYS-bc640d-01fc,1302
COMBEYS-bc640d-0439,1303
COMBEYS-bc640d-04fd,1304
COMBEYS-bc640d-05e1,1305
COMBEYS-bc640d-02c5,1306
COMBEYS-bc640d-0330,1307
COMBEYS-bc640d-05a1,1308
COMBEYS-bc640d-02c2,1309
COMBEYS-bc640d-0209,1310
COMBEYS-bc640d-02f0,1311
COMBEYS-bc640d-c3,1312
COMBEYS-bc640d-035d,1313
COMBEYS-bc640d-013a,1314
COMBEYS-bc640d-0445,1315
COMBEYS-bc640d-01b9,1316
COMBEYS-bc640d-0605,1317
COMBEYS-bc640d-0486,1318
COMBEYS-bc640d-01de,1319
COMBEYS-bc640d-0504,1320
COMBEYS-bc640d-044f,1321
COMBEYS-bc640d-0157,1322
COMBEYS-bc640d-0154,1323
COMBEYS-bc640d-0309,1324
COMBEYS-bc640d-016c,1325
COMBEYS-bc640d-0595,1326
COMBEYS-bc640d-0279,1327
COMBEYS-bc640d-a8,1328
COMBEYS-bc640d-0517,1329
COMBEYS-bc640d-0106,1330
COMBEYS-bc640d-01dd,1331
COMBEYS-bc640d-ac,1332
COMBEYS-bc640d-b1,1333
COMBEYS-bc640d-b5,1334
COMBEYS-bc640d-012a,1335
COMBEYS-bc640d-05d8,1336
COMBEYS-bc640d-029d,1337
COMBEYS-bc640d-64,1338
COMBEYS-bc640d-02b5,1339
COMBEYS-bc640d-02cc,1340
COMBEYS-bc640d-40,1341
COMBEYS-bc640d-0540,1342
COMBEYS-bc640d-027d,1343
COMBEYS-bc640d-02e7,1344
COMBEYS-bc640d-0477,1345
COMBEYS-bc640d-0316,1346
COMBEYS-bc640d-03f3,1347
COMBEYS-bc640d-0589,1348
COMBEYS-bc640d-016b,1349
COMBEYS-bc640d-0566,1350
COMBEYS-bc640d-34,1351
COMBEYS-bc640d-0505,1352
COMBEYS-bc640d-026d,1353
COMBEYS-bc640d-01f7,1354
COMBEYS-bc640d-02aa,1355
COMBEYS-bc640d-017e,1356
COMBEYS-bc640d-04a1,1357
COMBEYS-bc640d-05f1,1358
COMBEYS-bc640d-c5,1359
COMBEYS-bc640d-0409,1360
COMBEYS-bc640d-015d,1361
COMBEYS-bc640d-05d5,1362
COMBEYS-bc640d-02e5,1363
COMBEYS-bc640d-0246,1364
COMBEYS-bc640d-fc,1365
COMBEYS-bc640d-05c6,1366
COMBEYS-bc640d-03d6,1367
COMBEYS-bc640d-010b,1368
COMBEYS-bc640d-0124,1369
COMBEYS-bc640d-02de,1370
COMBEYS-bc640d-040c,1371
COMBEYS-bc640d-0610,1372
COMBEYS-bc640d-054b,1373
COMBEYS-bc640d-0160,1374
COMBEYS-bc640d-05c3,1375
COMBEYS-bc640d-0115,1376
COMBEYS-bc640d-026c,1377
COMBEYS-bc640d-0320,1378
COMBEYS-bc640d-0173,1379
COMBEYS-bc640d-03f6,1380
COMBEYS-bc640d-01f1,1381
COMBEYS-bc640d-0558,1382
COMBEYS-bc640d-045e,1383
COMBEYS-bc640d-029f,1384
COMBEYS-bc640d-05db,1385
COMBEYS-bc640d-05fb,1386
COMBEYS-bc640d-04ba,1387
COMBEYS-bc640d-027b,1388
COMBEYS-bc640d-04c5,1389
COMBEYS-bc640d-042e,1390
COMBEYS-bc640d-0449,1391
COMBEYS-bc640d-93,1392
COMBEYS-bc640d-050a,1393
COMBEYS-bc640d-0604,1394
COMBEYS-bc640d-0144,1395
COMBEYS-bc640d-05e0,1396
COMBEYS-bc640d-05e7,1397
COMBEYS-bc640d-0413,1398
COMBEYS-bc640d-05c8,1399
COMBEYS-bc640d-05c5,1400
COMBEYS-bc640d-0315,1401
COMBEYS-bc640d-8c,1402
COMBEYS-bc640d-03e7,1403
COMBEYS-bc640d-02fc,1404
COMBEYS-bc640d-0448,1405
COMBEYS-bc640d-02ad,1406
COMBEYS-bc640d-0519,1407
COMBEYS-bc640d-04f0,1408
COMBEYS-bc640d-02a2,1409
COMBEYS-bc640d-024a,1410
COMBEYS-bc640d-87,1411
COMBEYS-bc640d-019b,1412
COMBEYS-bc640d-0288,1413
COMBEYS-bc640d-0281,1414
COMBEYS-bc640d-0116,1415
COMBEYS-bc640d-be,1416
COMBEYS-bc640d-0339,1417
COMBEYS-bc640d-017d,1418
COMBEYS-bc640d-02f6,1419
COMBEYS-bc640d-031b,1420
COMBEYS-bc640d-4b,1421
COMBEYS-bc640d-05ff,1422
COMBEYS-bc640d-01ac,1423
COMBEYS-bc640d-048b,1424
COMBEYS-bc640d-0223,1425
COMBEYS-bc640d-0217,1426
COMBEYS-bc640d-02f2,1427
COMBEYS-bc640d-05b6,1428
COMBEYS-bc640d-0598,1429
COMBEYS-bc640d-91,1430
COMBEYS-bc640d-05cc,1431
COMBEYS-bc640d-0357,1432
COMBEYS-bc640d-038b,1433
COMBEYS-bc640d-f4,1434
COMBEYS-bc640d-0599,1435
COMBEYS-bc640d-04e3,1436
COMBEYS-bc640d-0272,1437
COMBEYS-bc640d-04cc,1438
COMBEYS-bc640d-3d,1439
COMBEYS-bc640d-04c0,1440
COMBEYS-bc640d-0534,1441
COMBEYS-bc640d-01a5,1442
COMBEYS-bc640d-05bf,1443
COMBEYS-bc640d-89,1444
COMBEYS-bc640d-010c,1445
COMBEYS-bc640d-020f,1446
COMBEYS-bc640d-03c5,1447
COMBEYS-bc640d-03da,1448
COMBEYS-bc640d-044a,1449
COMBEYS-bc640d-03dc,1450
COMBEYS-bc640d-0575,1451
COMBEYS-bc640d-0417,1452
COMBEYS-bc640d-0541,1453
COMBEYS-bc640d-0174,1454
COMBEYS-bc640d-02c0,1455
COMBEYS-bc640d-01d6,1456
COMBEYS-bc640d-0402,1457
COMBEYS-bc640d-6f,1458
COMBEYS-bc640d-0269,1459
COMBEYS-bc640d-f1,1460
COMBEYS-bc640d-df,1461
COMBEYS-bc640d-01f5,1462
COMBEYS-bc640d-0313,1463
COMBEYS-bc640d-0479,1464
COMBEYS-bc640d-0214,1465
COMBEYS-bc640d-03ff,1466
COMBEYS-bc640d-ee,1467
COMBEYS-bc640d-02fe,1468
COMBEYS-bc640d-0492,1469
COMBEYS-bc640d-055c,1470
COMBEYS-bc640d-03b0,1471
COMBEYS-bc640d-036d,1472
COMBEYS-bc640d-053a,1473
COMBEYS-bc640d-85,1474
COMBEYS-bc640d-b8,1475
COMBEYS-bc640d-0347,1476
COMBEYS-bc640d-03ea,1477
COMBEYS-bc640d-05f7,1478
COMBEYS-bc640d-03e4,1479
COMBEYS-bc640d-3c,1480
COMBEYS-bc640d-011d,1481
COMBEYS-bc640d-010e,1482
COMBEYS-bc640d-043d,1483
COMBEYS-bc640d-04e1,1484
COMBEYS-bc640d-049a,1485
COMBEYS-bc640d-0248,1486
COMBEYS-bc640d-042d,1487
COMBEYS-bc640d-053c,1488
COMBEYS-bc640d-67,1489
COMBEYS-bc640d-038c,1490
COMBEYS-bc640d-057b,1491
COMBEYS-bc640d-02c7,1492
COMBEYS-bc640d-031c,1493
COMBEYS-bc640d-03bd,1494
COMBEYS-bc640d-0199,1495
COMBEYS-bc640d-0168,1496
COMBEYS-bc640d-0262,1497
COMBEYS-bc640d-0603,1498
COMBEYS-bc640d-04b6,1499
COMBEYS-bc640d-02d4,1500
COMBEYS-bc640d-05c2,1501
COMBEYS-bc640d-0282,1502
COMBEYS-bc640d-73,1503
COMBEYS-bc640d-0210,1504
COMBEYS-bc640d-03e5,1505
COMBEYS-bc640d-030f,1506
COMBEYS-bc640d-03ab,1507
COMBEYS-bc640d-76,1508
COMBEYS-bc640d-05ce,1509
COMBEYS-bc640d-049b,1510
COMBEYS-bc640d-0208,1511
COMBEYS-bc640d-0211,1512
COMBEYS-bc640d-02a5,1513
COMBEYS-bc640d-02eb,1514
COMBEYS-bc640d-21,1515
COMBEYS-bc640d-0476,1516
COMBEYS-bc640d-0121,1517
COMBEYS-bc640d-0324,1518
COMBEYS-bc640d-49,1519
COMBEYS-bc640d-0389,1520
COMBEYS-bc640d-0297,1521
COMBEYS-bc640d-01cf,1522
COMBEYS-bc640d-02ce,1523
COMBEYS-bc640d-0292,1524
COMBEYS-bc640d-f0,1525
COMBEYS-bc640d-01f0,1526
COMBEYS-bc640d-050d,1527
COMBEYS-bc640d-0383,1528
COMBEYS-bc640d-011a,1529
COMBEYS-bc640d-025b,1530
COMBEYS-bc640d-0327,1531
COMBEYS-bc640d-0403,1532
COMBEYS-bc640d-04f7,1533
COMBEYS-bc640d-05a7,1534
COMBEYS-bc640d-50,1535
COMBEYS-bc640d-5b,1536
COMBEYS-bc640d-060b,1537
COMBEYS-bc640d-0548,1538
COMBEYS-bc640d-02d6,1539
COMBEYS-bc640d-0175,1540
COMBEYS-bc640d-ad,1541
COMBEYS-bc640d-0142,1542
COMBEYS-bc640d-031e,1543
COMBEYS-bc640d-d8,1544
COMBEYS-bc640d-0155,1545
COMBEYS-bc640d-017f,1546
COMBEYS-bc640d-f5,1547
COMBEYS-bc640d-0218,1548
COMBEYS-bc640d-f8,1549
COMBEYS-bc640d-0373,1550
COMBEYS-bc640d-022d,1551
COMBEYS-bc640d-29,1552
COMBEYS-bc640d-028e,1553
COMBEYS-bc640d-044b,1554
COMBEYS-bc640d-0338,1555
COMBEYS-bc640d-0333,1556
COMBEYS-bc640d-2b,1557
