Token identifier,Nonce,Rank,Owner
COMBOTS-aa4150-03e7,999,10,erd15qweljtzyha7jwgkufhfj5qqkc4fwl9nlu533dajlv32psdwatuslf50r3
COMBOTS-aa4150-03e6,998,3,erd1z563juvyfl7etnev8ua65vzhx65ln0rp0m783hq2m2wgdxx6z83s9t2cmv
COMBOTS-aa4150-03e5,997,9,erd1azydwvvwd8hwsld4a737ldvnkmxjugxemsxcd8us7swql04une7sfhh57k
COMBOTS-aa4150-03e4,996,8,erd1qqqqqqqqqqqqqpgq6wegs2xkypfpync8mn2sa5cmpqjlvrhwz5nqgepyg8
COMBOTS-aa4150-03e3,995,4,erd1nlhu9vm64kx7dy0kmyk3yjcmphlvuu07ehfyjsnc6grrt6er4afs4aeqxf
COMBOTS-aa4150-03e2,994,5,erd1azydwvvwd8hwsld4a737ldvnkmxjugxemsxcd8us7swql04une7sfhh57k
COMBOTS-aa4150-03e1,993,2,erd1z8p5a6dut30rkdcl266expeyk6295w9835grs3pke8dts5ngrmmqp6yz80
COMBOTS-aa4150-03e0,992,7,erd1ne6jp45m2k2qdvdjufj97fz8xgsndgesl6ce0fykyzsq9uflz3gq05x989
COMBOTS-aa4150-03df,991,6,erd1w8j0meqp0dxuk67me72hrhdtarx9u3kmwxtjvncp89s720wqvl8sj7lfmd
COMBOTS-aa4150-03de,990,1,erd1nlhu9vm64kx7dy0kmyk3yjcmphlvuu07ehfyjsnc6grrt6er4afs4aeqxf
COMBOTS-aa4150-03dd,989,11,erd1azydwvvwd8hwsld4a737ldvnkmxjugxemsxcd8us7swql04une7sfhh57k
COMBOTS-aa4150-03dc,988,806,erd1c7ag50xxcsrw5vtpjgx8d5a957rnck5xdrvr9ah8wgr7j4nv083s8kq3nj
COMBOTS-aa4150-03db,987,12,erd159mypt4myss3mqrs89ft0hjeacffks2690gq9u3mlh73m9sh0w5s09eqhh
COMBOTS-aa4150-03da,986,719,erd1ne6jp45m2k2qdvdjufj97fz8xgsndgesl6ce0fykyzsq9uflz3gq05x989
COMBOTS-aa4150-03d9,985,407,erd1mzzjhg9qwry94p2amyzatjuz988refkt7fqmsh2k6lrcju8hgxeqcca2ev
COMBOTS-aa4150-03d8,984,624,erd1qqqqqqqqqqqqqpgq6wegs2xkypfpync8mn2sa5cmpqjlvrhwz5nqgepyg8
COMBOTS-aa4150-03d7,983,731,erd1g058zeufm39jp6hklkt4sh0m7r9l2d7ad3e3cq5vycqf7w3utjlsz520hv
COMBOTS-aa4150-03d6,982,332,erd1mf2wtc4jh2zujhu4nynvrpaua9e98c4lwdyjnpp57qcx2gyqfy6q8l8ccp
COMBOTS-aa4150-03d5,981,969,erd1w8j0meqp0dxuk67me72hrhdtarx9u3kmwxtjvncp89s720wqvl8sj7lfmd
COMBOTS-aa4150-03d4,980,658,erd1mg3u5fm0d4rquxpr7hxt096507ze4j4xpngfuweynewc9cphgy8q4y972q
COMBOTS-aa4150-03d3,979,863,erd1qqqqqqqqqqqqqpgq6wegs2xkypfpync8mn2sa5cmpqjlvrhwz5nqgepyg8
COMBOTS-aa4150-03d2,978,676,erd1g058zeufm39jp6hklkt4sh0m7r9l2d7ad3e3cq5vycqf7w3utjlsz520hv
COMBOTS-aa4150-03d1,977,998,erd10yqfg9ufrmypkv9ngyc2fd4h60ks7dvwyz9vguzwrdt32aauwjvslr9g3u
COMBOTS-aa4150-03d0,976,586,erd1lt6jezu7v6g758j3nyk8urmk32c2ykhytf6y7dcuqw2hyyu5j2qsnuk4n7
COMBOTS-aa4150-03cf,975,771,erd1f6u6elxf5rgql2gu2cvcqv7qyd5zqzhhnkwsg7samxl88pyu3xhsfwf7h8
COMBOTS-aa4150-03ce,974,618,erd1wntft3qs5f0zysvhfakdf9tz4hcl9526urh79call8l2y8vx8afqkpmyse
COMBOTS-aa4150-03cd,973,752,erd1q7466cw9xqne5fg2kj8jdmmua45l70esfa5rmjnhvvufffydamqqzzz3m7
COMBOTS-aa4150-03cc,972,981,erd1qqqqqqqqqqqqqpgq6wegs2xkypfpync8mn2sa5cmpqjlvrhwz5nqgepyg8
COMBOTS-aa4150-03cb,971,714,erd1c7ag50xxcsrw5vtpjgx8d5a957rnck5xdrvr9ah8wgr7j4nv083s8kq3nj
COMBOTS-aa4150-03ca,970,778,erd1g058zeufm39jp6hklkt4sh0m7r9l2d7ad3e3cq5vycqf7w3utjlsz520hv
COMBOTS-aa4150-03c9,969,82,erd1q7466cw9xqne5fg2kj8jdmmua45l70esfa5rmjnhvvufffydamqqzzz3m7
COMBOTS-aa4150-03c8,968,188,erd1azydwvvwd8hwsld4a737ldvnkmxjugxemsxcd8us7swql04une7sfhh57k
COMBOTS-aa4150-03c7,967,972,erd10yqfg9ufrmypkv9ngyc2fd4h60ks7dvwyz9vguzwrdt32aauwjvslr9g3u
COMBOTS-aa4150-03c6,966,901,erd1qqqqqqqqqqqqqpgq6wegs2xkypfpync8mn2sa5cmpqjlvrhwz5nqgepyg8
COMBOTS-aa4150-03c5,965,128,erd1u88h2jshqmsnu5l89mglpmcsu3lrkvkg7plhnxd2du5nytc0laqqxx26sg
COMBOTS-aa4150-03c4,964,754,erd10yqfg9ufrmypkv9ngyc2fd4h60ks7dvwyz9vguzwrdt32aauwjvslr9g3u
COMBOTS-aa4150-03c3,963,507,erd1qqqqqqqqqqqqqpgq6wegs2xkypfpync8mn2sa5cmpqjlvrhwz5nqgepyg8
COMBOTS-aa4150-03c2,962,16,erd1f2tag0gugcqpshvc9jekughv60ua9nyav2jyqx0cherzjl7svs0s2dl692
COMBOTS-aa4150-03c1,961,939,erd10yqfg9ufrmypkv9ngyc2fd4h60ks7dvwyz9vguzwrdt32aauwjvslr9g3u
COMBOTS-aa4150-03c0,960,563,erd10yqfg9ufrmypkv9ngyc2fd4h60ks7dvwyz9vguzwrdt32aauwjvslr9g3u
COMBOTS-aa4150-03bf,959,920,erd1m3t8p8qk6l4hylruqvweezyeymxzu78myq7xsxmlpgjjyajc7wyq7j9asf
COMBOTS-aa4150-03be,958,521,erd1wntft3qs5f0zysvhfakdf9tz4hcl9526urh79call8l2y8vx8afqkpmyse
COMBOTS-aa4150-03bd,957,399,erd1mg3u5fm0d4rquxpr7hxt096507ze4j4xpngfuweynewc9cphgy8q4y972q
COMBOTS-aa4150-03bc,956,85,erd1f2tag0gugcqpshvc9jekughv60ua9nyav2jyqx0cherzjl7svs0s2dl692
COMBOTS-aa4150-03bb,955,864,erd1mg3u5fm0d4rquxpr7hxt096507ze4j4xpngfuweynewc9cphgy8q4y972q
COMBOTS-aa4150-03ba,954,790,erd10yqfg9ufrmypkv9ngyc2fd4h60ks7dvwyz9vguzwrdt32aauwjvslr9g3u
COMBOTS-aa4150-03b9,953,284,erd1wntft3qs5f0zysvhfakdf9tz4hcl9526urh79call8l2y8vx8afqkpmyse
COMBOTS-aa4150-03b8,952,178,erd1azydwvvwd8hwsld4a737ldvnkmxjugxemsxcd8us7swql04une7sfhh57k
COMBOTS-aa4150-03b7,951,825,erd1qqqqqqqqqqqqqpgq6wegs2xkypfpync8mn2sa5cmpqjlvrhwz5nqgepyg8
COMBOTS-aa4150-03b6,950,746,erd1c7ag50xxcsrw5vtpjgx8d5a957rnck5xdrvr9ah8wgr7j4nv083s8kq3nj
COMBOTS-aa4150-03b5,949,160,erd1q7466cw9xqne5fg2kj8jdmmua45l70esfa5rmjnhvvufffydamqqzzz3m7
COMBOTS-aa4150-03b4,948,523,erd1u88h2jshqmsnu5l89mglpmcsu3lrkvkg7plhnxd2du5nytc0laqqxx26sg
COMBOTS-aa4150-03b3,947,500,erd1c7ag50xxcsrw5vtpjgx8d5a957rnck5xdrvr9ah8wgr7j4nv083s8kq3nj
COMBOTS-aa4150-03b2,946,511,erd10yqfg9ufrmypkv9ngyc2fd4h60ks7dvwyz9vguzwrdt32aauwjvslr9g3u
COMBOTS-aa4150-03b1,945,436,erd19rx7hahlau4f8lu25p5hlzhpatdm8td7ct8dmsxdra0q0mn65q4qjn936l
COMBOTS-aa4150-03b0,944,179,erd1q7466cw9xqne5fg2kj8jdmmua45l70esfa5rmjnhvvufffydamqqzzz3m7
COMBOTS-aa4150-03af,943,812,erd1qqqqqqqqqqqqqpgq6wegs2xkypfpync8mn2sa5cmpqjlvrhwz5nqgepyg8
COMBOTS-aa4150-03ae,942,150,erd1ln42z8cqh9xf3sqgcqlw8srqxrkhum3df47u96wj6gapdmgtezwqlquzxm
COMBOTS-aa4150-03ad,941,48,erd1q7466cw9xqne5fg2kj8jdmmua45l70esfa5rmjnhvvufffydamqqzzz3m7
COMBOTS-aa4150-03ac,940,469,erd1wntft3qs5f0zysvhfakdf9tz4hcl9526urh79call8l2y8vx8afqkpmyse
COMBOTS-aa4150-03ab,939,391,erd1w8j0meqp0dxuk67me72hrhdtarx9u3kmwxtjvncp89s720wqvl8sj7lfmd
COMBOTS-aa4150-03aa,938,868,erd12g6qle82zezwuqy5rc676slnnfp0jnu4hrzuzhghl5daypprszjqkkan5s
COMBOTS-aa4150-03a9,937,22,erd1w8j0meqp0dxuk67me72hrhdtarx9u3kmwxtjvncp89s720wqvl8sj7lfmd
COMBOTS-aa4150-03a8,936,865,erd12g6qle82zezwuqy5rc676slnnfp0jnu4hrzuzhghl5daypprszjqkkan5s
COMBOTS-aa4150-03a7,935,219,erd1azydwvvwd8hwsld4a737ldvnkmxjugxemsxcd8us7swql04une7sfhh57k
COMBOTS-aa4150-03a6,934,43,erd1c7ag50xxcsrw5vtpjgx8d5a957rnck5xdrvr9ah8wgr7j4nv083s8kq3nj
COMBOTS-aa4150-03a5,933,20,erd1qqqqqqqqqqqqqpgq6wegs2xkypfpync8mn2sa5cmpqjlvrhwz5nqgepyg8
COMBOTS-aa4150-03a4,932,313,erd1wntft3qs5f0zysvhfakdf9tz4hcl9526urh79call8l2y8vx8afqkpmyse
COMBOTS-aa4150-03a3,931,420,erd1ne6jp45m2k2qdvdjufj97fz8xgsndgesl6ce0fykyzsq9uflz3gq05x989
COMBOTS-aa4150-03a2,930,411,erd1wntft3qs5f0zysvhfakdf9tz4hcl9526urh79call8l2y8vx8afqkpmyse
COMBOTS-aa4150-03a1,929,732,erd1lkdwuhctxg3xnmp2wps5sm3e5024jpg8n0umak4zhu3fu2kzv9as9nsj0w
COMBOTS-aa4150-03a0,928,141,erd1f2tag0gugcqpshvc9jekughv60ua9nyav2jyqx0cherzjl7svs0s2dl692
COMBOTS-aa4150-039f,927,254,erd1c7ag50xxcsrw5vtpjgx8d5a957rnck5xdrvr9ah8wgr7j4nv083s8kq3nj
COMBOTS-aa4150-039e,926,165,erd1ju5fxhtdmzyr83wjdhuhyht2w0qlgufvewk6kdew5kg6a8wezdgsnnd2ln
COMBOTS-aa4150-039d,925,741,erd1lkdwuhctxg3xnmp2wps5sm3e5024jpg8n0umak4zhu3fu2kzv9as9nsj0w
COMBOTS-aa4150-039c,924,685,erd1wntft3qs5f0zysvhfakdf9tz4hcl9526urh79call8l2y8vx8afqkpmyse
COMBOTS-aa4150-039b,923,395,erd10yqfg9ufrmypkv9ngyc2fd4h60ks7dvwyz9vguzwrdt32aauwjvslr9g3u
COMBOTS-aa4150-039a,922,444,erd1wntft3qs5f0zysvhfakdf9tz4hcl9526urh79call8l2y8vx8afqkpmyse
COMBOTS-aa4150-0399,921,465,erd1ne6jp45m2k2qdvdjufj97fz8xgsndgesl6ce0fykyzsq9uflz3gq05x989
COMBOTS-aa4150-0398,920,339,erd1q7466cw9xqne5fg2kj8jdmmua45l70esfa5rmjnhvvufffydamqqzzz3m7
COMBOTS-aa4150-0397,919,369,erd1lt6jezu7v6g758j3nyk8urmk32c2ykhytf6y7dcuqw2hyyu5j2qsnuk4n7
COMBOTS-aa4150-0396,918,904,erd1qqqqqqqqqqqqqpgq6wegs2xkypfpync8mn2sa5cmpqjlvrhwz5nqgepyg8
COMBOTS-aa4150-0395,917,29,erd1mdp73tp9aq00z42806sxdyuh0z5mlfm5sgng6lw220q7kmm0c3fqt3ypvl
COMBOTS-aa4150-0394,916,451,erd1yr4ynrnd09zx3ngyzazvsrv6aguecklffa4ulge4cnwx4ljf63jqcpv2t2
COMBOTS-aa4150-0393,915,26,erd1wntft3qs5f0zysvhfakdf9tz4hcl9526urh79call8l2y8vx8afqkpmyse
COMBOTS-aa4150-0392,914,370,erd1q7466cw9xqne5fg2kj8jdmmua45l70esfa5rmjnhvvufffydamqqzzz3m7
COMBOTS-aa4150-0391,913,614,erd1c7ag50xxcsrw5vtpjgx8d5a957rnck5xdrvr9ah8wgr7j4nv083s8kq3nj
COMBOTS-aa4150-0390,912,425,erd10yqfg9ufrmypkv9ngyc2fd4h60ks7dvwyz9vguzwrdt32aauwjvslr9g3u
COMBOTS-aa4150-038f,911,780,erd1q7466cw9xqne5fg2kj8jdmmua45l70esfa5rmjnhvvufffydamqqzzz3m7
COMBOTS-aa4150-038e,910,415,erd19c2zu5jgfpxlxjzmr9mwsk7v80as44e3q8ywyvu3nhlhm935jpgs7eeffy
COMBOTS-aa4150-038d,909,948,erd1x2ahw3yka7ppl6vnva57jplq62f4jsxp24grtkzwxt3t77pntkpq687vyr
COMBOTS-aa4150-038c,908,287,erd1mdp73tp9aq00z42806sxdyuh0z5mlfm5sgng6lw220q7kmm0c3fqt3ypvl
COMBOTS-aa4150-038b,907,760,erd1w8j0meqp0dxuk67me72hrhdtarx9u3kmwxtjvncp89s720wqvl8sj7lfmd
COMBOTS-aa4150-038a,906,208,erd1wntft3qs5f0zysvhfakdf9tz4hcl9526urh79call8l2y8vx8afqkpmyse
COMBOTS-aa4150-0389,905,295,erd1x2ahw3yka7ppl6vnva57jplq62f4jsxp24grtkzwxt3t77pntkpq687vyr
COMBOTS-aa4150-0388,904,875,erd10yqfg9ufrmypkv9ngyc2fd4h60ks7dvwyz9vguzwrdt32aauwjvslr9g3u
COMBOTS-aa4150-0387,903,783,erd10yqfg9ufrmypkv9ngyc2fd4h60ks7dvwyz9vguzwrdt32aauwjvslr9g3u
COMBOTS-aa4150-0386,902,527,erd1g058zeufm39jp6hklkt4sh0m7r9l2d7ad3e3cq5vycqf7w3utjlsz520hv
COMBOTS-aa4150-0385,901,21,erd1nlhu9vm64kx7dy0kmyk3yjcmphlvuu07ehfyjsnc6grrt6er4afs4aeqxf
COMBOTS-aa4150-0384,900,573,erd1c7ag50xxcsrw5vtpjgx8d5a957rnck5xdrvr9ah8wgr7j4nv083s8kq3nj
COMBOTS-aa4150-0383,899,453,erd1ne6jp45m2k2qdvdjufj97fz8xgsndgesl6ce0fykyzsq9uflz3gq05x989
COMBOTS-aa4150-0382,898,775,erd1yr4ynrnd09zx3ngyzazvsrv6aguecklffa4ulge4cnwx4ljf63jqcpv2t2
COMBOTS-aa4150-0381,897,535,erd1q7466cw9xqne5fg2kj8jdmmua45l70esfa5rmjnhvvufffydamqqzzz3m7
COMBOTS-aa4150-0380,896,634,erd1lt6jezu7v6g758j3nyk8urmk32c2ykhytf6y7dcuqw2hyyu5j2qsnuk4n7
COMBOTS-aa4150-037f,895,724,erd1qqqqqqqqqqqqqpgq6wegs2xkypfpync8mn2sa5cmpqjlvrhwz5nqgepyg8
COMBOTS-aa4150-037e,894,848,erd1wntft3qs5f0zysvhfakdf9tz4hcl9526urh79call8l2y8vx8afqkpmyse
COMBOTS-aa4150-037d,893,116,erd1f6u6elxf5rgql2gu2cvcqv7qyd5zqzhhnkwsg7samxl88pyu3xhsfwf7h8
COMBOTS-aa4150-037c,892,169,erd1nlhu9vm64kx7dy0kmyk3yjcmphlvuu07ehfyjsnc6grrt6er4afs4aeqxf
COMBOTS-aa4150-037b,891,512,erd173pgmrpt3vxmev0spfjmunw85jra5fysr2v0740k3tke37ywa2vqqu39tw
COMBOTS-aa4150-037a,890,172,erd1q7466cw9xqne5fg2kj8jdmmua45l70esfa5rmjnhvvufffydamqqzzz3m7
COMBOTS-aa4150-0379,889,839,erd1c7ag50xxcsrw5vtpjgx8d5a957rnck5xdrvr9ah8wgr7j4nv083s8kq3nj
COMBOTS-aa4150-0378,888,623,erd1qqqqqqqqqqqqqpgq6wegs2xkypfpync8mn2sa5cmpqjlvrhwz5nqgepyg8
COMBOTS-aa4150-0377,887,999,erd1qqqqqqqqqqqqqpgq6wegs2xkypfpync8mn2sa5cmpqjlvrhwz5nqgepyg8
COMBOTS-aa4150-0376,886,461,erd10yqfg9ufrmypkv9ngyc2fd4h60ks7dvwyz9vguzwrdt32aauwjvslr9g3u
COMBOTS-aa4150-0375,885,475,erd1lkdwuhctxg3xnmp2wps5sm3e5024jpg8n0umak4zhu3fu2kzv9as9nsj0w
COMBOTS-aa4150-0374,884,613,erd1qqqqqqqqqqqqqpgq6wegs2xkypfpync8mn2sa5cmpqjlvrhwz5nqgepyg8
COMBOTS-aa4150-0373,883,546,erd1c7ag50xxcsrw5vtpjgx8d5a957rnck5xdrvr9ah8wgr7j4nv083s8kq3nj
COMBOTS-aa4150-0372,882,674,erd1u88h2jshqmsnu5l89mglpmcsu3lrkvkg7plhnxd2du5nytc0laqqxx26sg
COMBOTS-aa4150-0371,881,281,erd1c7ag50xxcsrw5vtpjgx8d5a957rnck5xdrvr9ah8wgr7j4nv083s8kq3nj
COMBOTS-aa4150-0370,880,860,erd1qqqqqqqqqqqqqpgq6wegs2xkypfpync8mn2sa5cmpqjlvrhwz5nqgepyg8
COMBOTS-aa4150-036f,879,383,erd1f6u6elxf5rgql2gu2cvcqv7qyd5zqzhhnkwsg7samxl88pyu3xhsfwf7h8
COMBOTS-aa4150-036e,878,447,erd1lkdwuhctxg3xnmp2wps5sm3e5024jpg8n0umak4zhu3fu2kzv9as9nsj0w
COMBOTS-aa4150-036d,877,707,erd17lufzwzgcuxy468evpq9768nesnk8rkrxjzuakws7az26e3eyg3sejznnw
COMBOTS-aa4150-036c,876,560,erd1w8j0meqp0dxuk67me72hrhdtarx9u3kmwxtjvncp89s720wqvl8sj7lfmd
COMBOTS-aa4150-036b,875,321,erd1ju5fxhtdmzyr83wjdhuhyht2w0qlgufvewk6kdew5kg6a8wezdgsnnd2ln
COMBOTS-aa4150-036a,874,769,erd1ne6jp45m2k2qdvdjufj97fz8xgsndgesl6ce0fykyzsq9uflz3gq05x989
COMBOTS-aa4150-0369,873,333,erd1lkdwuhctxg3xnmp2wps5sm3e5024jpg8n0umak4zhu3fu2kzv9as9nsj0w
COMBOTS-aa4150-0368,872,157,erd1w8j0meqp0dxuk67me72hrhdtarx9u3kmwxtjvncp89s720wqvl8sj7lfmd
COMBOTS-aa4150-0367,871,197,erd1c7ag50xxcsrw5vtpjgx8d5a957rnck5xdrvr9ah8wgr7j4nv083s8kq3nj
COMBOTS-aa4150-0366,870,307,erd1yr4ynrnd09zx3ngyzazvsrv6aguecklffa4ulge4cnwx4ljf63jqcpv2t2
COMBOTS-aa4150-0365,869,888,erd10yqfg9ufrmypkv9ngyc2fd4h60ks7dvwyz9vguzwrdt32aauwjvslr9g3u
COMBOTS-aa4150-0364,868,401,erd1c7ag50xxcsrw5vtpjgx8d5a957rnck5xdrvr9ah8wgr7j4nv083s8kq3nj
COMBOTS-aa4150-0363,867,285,erd1x3nqzfwu88hljtw4px6c6txykmcddpg86e4cwaqjxel6zwn52gcq29ffht
COMBOTS-aa4150-0362,866,435,erd1wntft3qs5f0zysvhfakdf9tz4hcl9526urh79call8l2y8vx8afqkpmyse
COMBOTS-aa4150-0361,865,820,erd1q7466cw9xqne5fg2kj8jdmmua45l70esfa5rmjnhvvufffydamqqzzz3m7
COMBOTS-aa4150-0360,864,923,erd1wntft3qs5f0zysvhfakdf9tz4hcl9526urh79call8l2y8vx8afqkpmyse
COMBOTS-aa4150-035f,863,577,erd1q7466cw9xqne5fg2kj8jdmmua45l70esfa5rmjnhvvufffydamqqzzz3m7
COMBOTS-aa4150-035e,862,609,erd1qqqqqqqqqqqqqpgq6wegs2xkypfpync8mn2sa5cmpqjlvrhwz5nqgepyg8
COMBOTS-aa4150-035d,861,400,erd1q7466cw9xqne5fg2kj8jdmmua45l70esfa5rmjnhvvufffydamqqzzz3m7
COMBOTS-aa4150-035c,860,854,erd1c7ag50xxcsrw5vtpjgx8d5a957rnck5xdrvr9ah8wgr7j4nv083s8kq3nj
COMBOTS-aa4150-035b,859,56,erd14jm6swhn9lu4m9634hkvgdhtq4vyaf0dutk9w47ma06vk3yh7t2s9c4ng5
COMBOTS-aa4150-035a,858,909,erd10yqfg9ufrmypkv9ngyc2fd4h60ks7dvwyz9vguzwrdt32aauwjvslr9g3u
COMBOTS-aa4150-0359,857,670,erd1lt6jezu7v6g758j3nyk8urmk32c2ykhytf6y7dcuqw2hyyu5j2qsnuk4n7
COMBOTS-aa4150-0358,856,296,erd1lt6jezu7v6g758j3nyk8urmk32c2ykhytf6y7dcuqw2hyyu5j2qsnuk4n7
COMBOTS-aa4150-0357,855,833,erd1x3nqzfwu88hljtw4px6c6txykmcddpg86e4cwaqjxel6zwn52gcq29ffht
COMBOTS-aa4150-0356,854,278,erd173pgmrpt3vxmev0spfjmunw85jra5fysr2v0740k3tke37ywa2vqqu39tw
COMBOTS-aa4150-0355,853,84,erd1nlhu9vm64kx7dy0kmyk3yjcmphlvuu07ehfyjsnc6grrt6er4afs4aeqxf
COMBOTS-aa4150-0354,852,380,erd1lt6jezu7v6g758j3nyk8urmk32c2ykhytf6y7dcuqw2hyyu5j2qsnuk4n7
COMBOTS-aa4150-0353,851,943,erd1f6u6elxf5rgql2gu2cvcqv7qyd5zqzhhnkwsg7samxl88pyu3xhsfwf7h8
COMBOTS-aa4150-0352,850,297,erd1c7ag50xxcsrw5vtpjgx8d5a957rnck5xdrvr9ah8wgr7j4nv083s8kq3nj
COMBOTS-aa4150-0351,849,334,erd1wntft3qs5f0zysvhfakdf9tz4hcl9526urh79call8l2y8vx8afqkpmyse
COMBOTS-aa4150-0350,848,252,erd1q7466cw9xqne5fg2kj8jdmmua45l70esfa5rmjnhvvufffydamqqzzz3m7
COMBOTS-aa4150-034f,847,844,erd1qqqqqqqqqqqqqpgq6wegs2xkypfpync8mn2sa5cmpqjlvrhwz5nqgepyg8
COMBOTS-aa4150-034e,846,33,erd1q7466cw9xqne5fg2kj8jdmmua45l70esfa5rmjnhvvufffydamqqzzz3m7
COMBOTS-aa4150-034d,845,89,erd1nlhu9vm64kx7dy0kmyk3yjcmphlvuu07ehfyjsnc6grrt6er4afs4aeqxf
COMBOTS-aa4150-034c,844,440,erd1c7ag50xxcsrw5vtpjgx8d5a957rnck5xdrvr9ah8wgr7j4nv083s8kq3nj
COMBOTS-aa4150-034b,843,317,erd10yqfg9ufrmypkv9ngyc2fd4h60ks7dvwyz9vguzwrdt32aauwjvslr9g3u
COMBOTS-aa4150-034a,842,607,erd1wntft3qs5f0zysvhfakdf9tz4hcl9526urh79call8l2y8vx8afqkpmyse
COMBOTS-aa4150-0349,841,424,erd1nrqw78ap9azgyhejwpcwvmapj9dcxc5esud47qhtf03p9m4sa3lqrkrz5g
COMBOTS-aa4150-0348,840,264,erd1q7466cw9xqne5fg2kj8jdmmua45l70esfa5rmjnhvvufffydamqqzzz3m7
COMBOTS-aa4150-0347,839,669,erd1x3nqzfwu88hljtw4px6c6txykmcddpg86e4cwaqjxel6zwn52gcq29ffht
COMBOTS-aa4150-0346,838,786,erd1c7ag50xxcsrw5vtpjgx8d5a957rnck5xdrvr9ah8wgr7j4nv083s8kq3nj
COMBOTS-aa4150-0345,837,701,erd1qqqqqqqqqqqqqpgq6wegs2xkypfpync8mn2sa5cmpqjlvrhwz5nqgepyg8
COMBOTS-aa4150-0344,836,351,erd1lt6jezu7v6g758j3nyk8urmk32c2ykhytf6y7dcuqw2hyyu5j2qsnuk4n7
COMBOTS-aa4150-0343,835,557,erd10yqfg9ufrmypkv9ngyc2fd4h60ks7dvwyz9vguzwrdt32aauwjvslr9g3u
COMBOTS-aa4150-0342,834,221,erd1aa8wrrerc7dl6v7jpc4jhuamp5swya2hxl86ly8x83llasc9cezq2mvq3w
COMBOTS-aa4150-0341,833,446,erd1ln42z8cqh9xf3sqgcqlw8srqxrkhum3df47u96wj6gapdmgtezwqlquzxm
COMBOTS-aa4150-0340,832,936,erd1qqqqqqqqqqqqqpgq6wegs2xkypfpync8mn2sa5cmpqjlvrhwz5nqgepyg8
COMBOTS-aa4150-033f,831,52,erd1q7466cw9xqne5fg2kj8jdmmua45l70esfa5rmjnhvvufffydamqqzzz3m7
COMBOTS-aa4150-033e,830,508,erd1mg3u5fm0d4rquxpr7hxt096507ze4j4xpngfuweynewc9cphgy8q4y972q
COMBOTS-aa4150-033d,829,849,erd19c2zu5jgfpxlxjzmr9mwsk7v80as44e3q8ywyvu3nhlhm935jpgs7eeffy
COMBOTS-aa4150-033c,828,628,erd1wntft3qs5f0zysvhfakdf9tz4hcl9526urh79call8l2y8vx8afqkpmyse
COMBOTS-aa4150-033b,827,736,erd1q7466cw9xqne5fg2kj8jdmmua45l70esfa5rmjnhvvufffydamqqzzz3m7
COMBOTS-aa4150-033a,826,250,erd1wntft3qs5f0zysvhfakdf9tz4hcl9526urh79call8l2y8vx8afqkpmyse
COMBOTS-aa4150-0339,825,98,erd1lt6jezu7v6g758j3nyk8urmk32c2ykhytf6y7dcuqw2hyyu5j2qsnuk4n7
COMBOTS-aa4150-0338,824,455,erd14dhg45peqmz6w38q969s8wy53f22fpahvkhcgfpcqlmnenc0na8quh92ju
COMBOTS-aa4150-0337,823,567,erd1w2dzy6su8k44pfqyvrskhajmyq9au4a0axuntvnmkpwf9pqgprws6mjxhw
COMBOTS-aa4150-0336,822,922,erd1u88h2jshqmsnu5l89mglpmcsu3lrkvkg7plhnxd2du5nytc0laqqxx26sg
COMBOTS-aa4150-0335,821,491,erd1k4umqhapvve4d30nv3p7u4dxcyjmzdnly4thkvx7xn82mzufcjqq76vlqm
COMBOTS-aa4150-0334,820,694,erd1wntft3qs5f0zysvhfakdf9tz4hcl9526urh79call8l2y8vx8afqkpmyse
COMBOTS-aa4150-0333,819,151,erd1k4umqhapvve4d30nv3p7u4dxcyjmzdnly4thkvx7xn82mzufcjqq76vlqm
COMBOTS-aa4150-0332,818,980,erd1u88h2jshqmsnu5l89mglpmcsu3lrkvkg7plhnxd2du5nytc0laqqxx26sg
COMBOTS-aa4150-0331,817,70,erd1nlhu9vm64kx7dy0kmyk3yjcmphlvuu07ehfyjsnc6grrt6er4afs4aeqxf
COMBOTS-aa4150-0330,816,937,erd1np3wxmn6vl536xmahpvtcman7mljzg332xx8tpv8gq0k92pus69qhtnygl
COMBOTS-aa4150-032f,815,682,erd10yqfg9ufrmypkv9ngyc2fd4h60ks7dvwyz9vguzwrdt32aauwjvslr9g3u
COMBOTS-aa4150-032e,814,615,erd1wntft3qs5f0zysvhfakdf9tz4hcl9526urh79call8l2y8vx8afqkpmyse
COMBOTS-aa4150-032d,813,818,erd16lqdzh0u0egfec7t9zx7qd2ua6hnkpu5qknmmpjtntj8vlr529wsx27l4m
COMBOTS-aa4150-032c,812,409,erd1k4umqhapvve4d30nv3p7u4dxcyjmzdnly4thkvx7xn82mzufcjqq76vlqm
COMBOTS-aa4150-032b,811,566,erd10yqfg9ufrmypkv9ngyc2fd4h60ks7dvwyz9vguzwrdt32aauwjvslr9g3u
COMBOTS-aa4150-032a,810,986,erd10yqfg9ufrmypkv9ngyc2fd4h60ks7dvwyz9vguzwrdt32aauwjvslr9g3u
COMBOTS-aa4150-0329,809,239,erd1wntft3qs5f0zysvhfakdf9tz4hcl9526urh79call8l2y8vx8afqkpmyse
COMBOTS-aa4150-0328,808,498,erd1np3wxmn6vl536xmahpvtcman7mljzg332xx8tpv8gq0k92pus69qhtnygl
COMBOTS-aa4150-0327,807,538,erd1x3nqzfwu88hljtw4px6c6txykmcddpg86e4cwaqjxel6zwn52gcq29ffht
COMBOTS-aa4150-0326,806,739,erd1qqqqqqqqqqqqqpgq6wegs2xkypfpync8mn2sa5cmpqjlvrhwz5nqgepyg8
COMBOTS-aa4150-0325,805,65,erd1aa8wrrerc7dl6v7jpc4jhuamp5swya2hxl86ly8x83llasc9cezq2mvq3w
COMBOTS-aa4150-0324,804,758,erd1qqqqqqqqqqqqqpgq6wegs2xkypfpync8mn2sa5cmpqjlvrhwz5nqgepyg8
COMBOTS-aa4150-0323,803,993,erd1qqqqqqqqqqqqqpgq6wegs2xkypfpync8mn2sa5cmpqjlvrhwz5nqgepyg8
COMBOTS-aa4150-0322,802,194,erd1qqqqqqqqqqqqqpgq6wegs2xkypfpync8mn2sa5cmpqjlvrhwz5nqgepyg8
COMBOTS-aa4150-0321,801,286,erd1k4umqhapvve4d30nv3p7u4dxcyjmzdnly4thkvx7xn82mzufcjqq76vlqm
COMBOTS-aa4150-0320,800,368,erd10yqfg9ufrmypkv9ngyc2fd4h60ks7dvwyz9vguzwrdt32aauwjvslr9g3u
COMBOTS-aa4150-031f,799,427,erd1lt6jezu7v6g758j3nyk8urmk32c2ykhytf6y7dcuqw2hyyu5j2qsnuk4n7
COMBOTS-aa4150-031e,798,942,erd1mdp73tp9aq00z42806sxdyuh0z5mlfm5sgng6lw220q7kmm0c3fqt3ypvl
COMBOTS-aa4150-031d,797,757,erd1vm0g9f78l7ag6xrxql0nnq8jupnjhsjugxsxgk327h6la37gxp0q9kxpy6
COMBOTS-aa4150-031c,796,835,erd1g058zeufm39jp6hklkt4sh0m7r9l2d7ad3e3cq5vycqf7w3utjlsz520hv
COMBOTS-aa4150-031b,795,878,erd1wntft3qs5f0zysvhfakdf9tz4hcl9526urh79call8l2y8vx8afqkpmyse
COMBOTS-aa4150-031a,794,127,erd1wntft3qs5f0zysvhfakdf9tz4hcl9526urh79call8l2y8vx8afqkpmyse
COMBOTS-aa4150-0319,793,737,erd1ne6jp45m2k2qdvdjufj97fz8xgsndgesl6ce0fykyzsq9uflz3gq05x989
COMBOTS-aa4150-0318,792,452,erd10yqfg9ufrmypkv9ngyc2fd4h60ks7dvwyz9vguzwrdt32aauwjvslr9g3u
COMBOTS-aa4150-0317,791,472,erd1c7ag50xxcsrw5vtpjgx8d5a957rnck5xdrvr9ah8wgr7j4nv083s8kq3nj
COMBOTS-aa4150-0316,790,815,erd1mg3u5fm0d4rquxpr7hxt096507ze4j4xpngfuweynewc9cphgy8q4y972q
COMBOTS-aa4150-0315,789,31,erd1qqqqqqqqqqqqqpgq6wegs2xkypfpync8mn2sa5cmpqjlvrhwz5nqgepyg8
COMBOTS-aa4150-0314,788,798,erd1wntft3qs5f0zysvhfakdf9tz4hcl9526urh79call8l2y8vx8afqkpmyse
COMBOTS-aa4150-0313,787,386,erd1wntft3qs5f0zysvhfakdf9tz4hcl9526urh79call8l2y8vx8afqkpmyse
COMBOTS-aa4150-0312,786,595,erd1wntft3qs5f0zysvhfakdf9tz4hcl9526urh79call8l2y8vx8afqkpmyse
COMBOTS-aa4150-0311,785,800,erd1wntft3qs5f0zysvhfakdf9tz4hcl9526urh79call8l2y8vx8afqkpmyse
COMBOTS-aa4150-0310,784,105,erd1w8j0meqp0dxuk67me72hrhdtarx9u3kmwxtjvncp89s720wqvl8sj7lfmd
COMBOTS-aa4150-030f,783,338,erd1c7ag50xxcsrw5vtpjgx8d5a957rnck5xdrvr9ah8wgr7j4nv083s8kq3nj
COMBOTS-aa4150-030e,782,506,erd1mg3u5fm0d4rquxpr7hxt096507ze4j4xpngfuweynewc9cphgy8q4y972q
COMBOTS-aa4150-030d,781,710,erd1ne6jp45m2k2qdvdjufj97fz8xgsndgesl6ce0fykyzsq9uflz3gq05x989
COMBOTS-aa4150-030c,780,468,erd1wntft3qs5f0zysvhfakdf9tz4hcl9526urh79call8l2y8vx8afqkpmyse
COMBOTS-aa4150-030b,779,984,erd1zs6c8c6p80gfdaxh5wzzt0z3l5p50x2rmp8qrta9sd09lcj0gjnsu5jxdk
COMBOTS-aa4150-030a,778,740,erd1m3t8p8qk6l4hylruqvweezyeymxzu78myq7xsxmlpgjjyajc7wyq7j9asf
COMBOTS-aa4150-0309,777,598,erd1uvn7nvq485aythttfk4yw782shqey68tak37ksdf8p2ta7v7sqes0k354r
COMBOTS-aa4150-0308,776,267,erd1ne6jp45m2k2qdvdjufj97fz8xgsndgesl6ce0fykyzsq9uflz3gq05x989
COMBOTS-aa4150-0307,775,837,erd1mdp73tp9aq00z42806sxdyuh0z5mlfm5sgng6lw220q7kmm0c3fqt3ypvl
COMBOTS-aa4150-0306,774,913,erd1ln42z8cqh9xf3sqgcqlw8srqxrkhum3df47u96wj6gapdmgtezwqlquzxm
COMBOTS-aa4150-0305,773,525,erd1tyycyldmcckka6qyjdgpnl5huj6uqrala3fxt2ncv7s2csuvgmkqj9mmpa
COMBOTS-aa4150-0304,772,103,erd1w8j0meqp0dxuk67me72hrhdtarx9u3kmwxtjvncp89s720wqvl8sj7lfmd
COMBOTS-aa4150-0303,771,517,erd1f6u6elxf5rgql2gu2cvcqv7qyd5zqzhhnkwsg7samxl88pyu3xhsfwf7h8
COMBOTS-aa4150-0302,770,896,erd10yqfg9ufrmypkv9ngyc2fd4h60ks7dvwyz9vguzwrdt32aauwjvslr9g3u
COMBOTS-aa4150-0301,769,372,erd1w2dzy6su8k44pfqyvrskhajmyq9au4a0axuntvnmkpwf9pqgprws6mjxhw
COMBOTS-aa4150-0300,768,405,erd1ju5fxhtdmzyr83wjdhuhyht2w0qlgufvewk6kdew5kg6a8wezdgsnnd2ln
COMBOTS-aa4150-02ff,767,394,erd1lt6jezu7v6g758j3nyk8urmk32c2ykhytf6y7dcuqw2hyyu5j2qsnuk4n7
COMBOTS-aa4150-02fe,766,445,erd1ju5fxhtdmzyr83wjdhuhyht2w0qlgufvewk6kdew5kg6a8wezdgsnnd2ln
COMBOTS-aa4150-02fd,765,952,erd1np3wxmn6vl536xmahpvtcman7mljzg332xx8tpv8gq0k92pus69qhtnygl
COMBOTS-aa4150-02fc,764,893,erd1rj77nnm5wvevwmsyql45k7psk3v7x9mwr7sa4hceetglsh5kvqcs3nrvgw
COMBOTS-aa4150-02fb,763,361,erd196znn3l4pacp4flw8w67m7dfw7gcnwm553nez99hkwda0w5l4tyq2fx9we
COMBOTS-aa4150-02fa,762,765,erd1lkdwuhctxg3xnmp2wps5sm3e5024jpg8n0umak4zhu3fu2kzv9as9nsj0w
COMBOTS-aa4150-02f9,761,646,erd1wntft3qs5f0zysvhfakdf9tz4hcl9526urh79call8l2y8vx8afqkpmyse
COMBOTS-aa4150-02f8,760,223,erd1h2cpvrtk78wm5mujfjy5zmylxpv3cj5ps7qf47arve07yq4l0j8qlwd7ck
COMBOTS-aa4150-02f7,759,721,erd1qqqqqqqqqqqqqpgq6wegs2xkypfpync8mn2sa5cmpqjlvrhwz5nqgepyg8
COMBOTS-aa4150-02f6,758,496,erd1lkdwuhctxg3xnmp2wps5sm3e5024jpg8n0umak4zhu3fu2kzv9as9nsj0w
COMBOTS-aa4150-02f5,757,180,erd159mypt4myss3mqrs89ft0hjeacffks2690gq9u3mlh73m9sh0w5s09eqhh
COMBOTS-aa4150-02f4,756,652,erd1lt6jezu7v6g758j3nyk8urmk32c2ykhytf6y7dcuqw2hyyu5j2qsnuk4n7
COMBOTS-aa4150-02f3,755,606,erd1nrqw78ap9azgyhejwpcwvmapj9dcxc5esud47qhtf03p9m4sa3lqrkrz5g
COMBOTS-aa4150-02f2,754,847,erd1wntft3qs5f0zysvhfakdf9tz4hcl9526urh79call8l2y8vx8afqkpmyse
COMBOTS-aa4150-02f1,753,706,erd1lkdwuhctxg3xnmp2wps5sm3e5024jpg8n0umak4zhu3fu2kzv9as9nsj0w
COMBOTS-aa4150-02f0,752,428,erd14h55junrjd5f4ywm3ze8u96588wy3hhwdht8nlufsta59xjtyp3s4fv3nq
COMBOTS-aa4150-02ef,751,819,erd1tyycyldmcckka6qyjdgpnl5huj6uqrala3fxt2ncv7s2csuvgmkqj9mmpa
COMBOTS-aa4150-02ee,750,539,erd1lt6jezu7v6g758j3nyk8urmk32c2ykhytf6y7dcuqw2hyyu5j2qsnuk4n7
COMBOTS-aa4150-02ed,749,918,erd1w8j0meqp0dxuk67me72hrhdtarx9u3kmwxtjvncp89s720wqvl8sj7lfmd
COMBOTS-aa4150-02ec,748,87,erd1np3wxmn6vl536xmahpvtcman7mljzg332xx8tpv8gq0k92pus69qhtnygl
COMBOTS-aa4150-02eb,747,377,erd14h55junrjd5f4ywm3ze8u96588wy3hhwdht8nlufsta59xjtyp3s4fv3nq
COMBOTS-aa4150-02ea,746,412,erd1wntft3qs5f0zysvhfakdf9tz4hcl9526urh79call8l2y8vx8afqkpmyse
COMBOTS-aa4150-02e9,745,14,erd1nlhu9vm64kx7dy0kmyk3yjcmphlvuu07ehfyjsnc6grrt6er4afs4aeqxf
COMBOTS-aa4150-02e8,744,950,erd1qqqqqqqqqqqqqpgq6wegs2xkypfpync8mn2sa5cmpqjlvrhwz5nqgepyg8
COMBOTS-aa4150-02e7,743,941,erd1mdp73tp9aq00z42806sxdyuh0z5mlfm5sgng6lw220q7kmm0c3fqt3ypvl
COMBOTS-aa4150-02e6,742,379,erd1rh5ddjpw7688vez7kcy20apmen326hkf97j4enmmvwx9m20xx9qqjq4qy2
COMBOTS-aa4150-02e5,741,398,erd10yqfg9ufrmypkv9ngyc2fd4h60ks7dvwyz9vguzwrdt32aauwjvslr9g3u
COMBOTS-aa4150-02e4,740,27,erd1k4umqhapvve4d30nv3p7u4dxcyjmzdnly4thkvx7xn82mzufcjqq76vlqm
COMBOTS-aa4150-02e3,739,189,erd1wntft3qs5f0zysvhfakdf9tz4hcl9526urh79call8l2y8vx8afqkpmyse
COMBOTS-aa4150-02e2,738,104,erd1np3wxmn6vl536xmahpvtcman7mljzg332xx8tpv8gq0k92pus69qhtnygl
COMBOTS-aa4150-02e1,737,808,erd1f6u6elxf5rgql2gu2cvcqv7qyd5zqzhhnkwsg7samxl88pyu3xhsfwf7h8
COMBOTS-aa4150-02e0,736,35,erd1z563juvyfl7etnev8ua65vzhx65ln0rp0m783hq2m2wgdxx6z83s9t2cmv
COMBOTS-aa4150-02df,735,673,erd1lt6jezu7v6g758j3nyk8urmk32c2ykhytf6y7dcuqw2hyyu5j2qsnuk4n7
COMBOTS-aa4150-02de,734,430,erd1acl6q2zg0hwlmquxe0yfkh27jccl0k8wnz36f5m7dn8jsvpfqxps6663qd
COMBOTS-aa4150-02dd,733,639,erd1qqqqqqqqqqqqqpgq6wegs2xkypfpync8mn2sa5cmpqjlvrhwz5nqgepyg8
COMBOTS-aa4150-02dc,732,889,erd15hzdgp48hcfjakza9ge5kj9uvwjpad3ujhuvrlh9u9mvegalp8vskphapp
COMBOTS-aa4150-02db,731,434,erd10yqfg9ufrmypkv9ngyc2fd4h60ks7dvwyz9vguzwrdt32aauwjvslr9g3u
COMBOTS-aa4150-02da,730,360,erd16lqdzh0u0egfec7t9zx7qd2ua6hnkpu5qknmmpjtntj8vlr529wsx27l4m
COMBOTS-aa4150-02d9,729,288,erd1w8j0meqp0dxuk67me72hrhdtarx9u3kmwxtjvncp89s720wqvl8sj7lfmd
COMBOTS-aa4150-02d8,728,46,erd159mypt4myss3mqrs89ft0hjeacffks2690gq9u3mlh73m9sh0w5s09eqhh
COMBOTS-aa4150-02d7,727,80,erd1nlhu9vm64kx7dy0kmyk3yjcmphlvuu07ehfyjsnc6grrt6er4afs4aeqxf
COMBOTS-aa4150-02d6,726,830,erd1qqqqqqqqqqqqqpgq6wegs2xkypfpync8mn2sa5cmpqjlvrhwz5nqgepyg8
COMBOTS-aa4150-02d5,725,230,erd1c7ag50xxcsrw5vtpjgx8d5a957rnck5xdrvr9ah8wgr7j4nv083s8kq3nj
COMBOTS-aa4150-02d4,724,637,erd1ln42z8cqh9xf3sqgcqlw8srqxrkhum3df47u96wj6gapdmgtezwqlquzxm
COMBOTS-aa4150-02d3,723,193,erd1wntft3qs5f0zysvhfakdf9tz4hcl9526urh79call8l2y8vx8afqkpmyse
COMBOTS-aa4150-02d2,722,38,erd1nlhu9vm64kx7dy0kmyk3yjcmphlvuu07ehfyjsnc6grrt6er4afs4aeqxf
COMBOTS-aa4150-02d1,721,892,erd1g058zeufm39jp6hklkt4sh0m7r9l2d7ad3e3cq5vycqf7w3utjlsz520hv
COMBOTS-aa4150-02d0,720,967,erd1qqqqqqqqqqqqqpgq6wegs2xkypfpync8mn2sa5cmpqjlvrhwz5nqgepyg8
COMBOTS-aa4150-02cf,719,17,erd1nlhu9vm64kx7dy0kmyk3yjcmphlvuu07ehfyjsnc6grrt6er4afs4aeqxf
COMBOTS-aa4150-02ce,718,328,erd1k4umqhapvve4d30nv3p7u4dxcyjmzdnly4thkvx7xn82mzufcjqq76vlqm
COMBOTS-aa4150-02cd,717,253,erd1w8j0meqp0dxuk67me72hrhdtarx9u3kmwxtjvncp89s720wqvl8sj7lfmd
COMBOTS-aa4150-02cc,716,583,erd1lt6jezu7v6g758j3nyk8urmk32c2ykhytf6y7dcuqw2hyyu5j2qsnuk4n7
COMBOTS-aa4150-02cb,715,516,erd1k4umqhapvve4d30nv3p7u4dxcyjmzdnly4thkvx7xn82mzufcjqq76vlqm
COMBOTS-aa4150-02ca,714,330,erd10yqfg9ufrmypkv9ngyc2fd4h60ks7dvwyz9vguzwrdt32aauwjvslr9g3u
COMBOTS-aa4150-02c9,713,126,erd1ln42z8cqh9xf3sqgcqlw8srqxrkhum3df47u96wj6gapdmgtezwqlquzxm
COMBOTS-aa4150-02c8,712,133,erd1wntft3qs5f0zysvhfakdf9tz4hcl9526urh79call8l2y8vx8afqkpmyse
COMBOTS-aa4150-02c7,711,604,erd1mg3u5fm0d4rquxpr7hxt096507ze4j4xpngfuweynewc9cphgy8q4y972q
COMBOTS-aa4150-02c6,710,659,erd10yqfg9ufrmypkv9ngyc2fd4h60ks7dvwyz9vguzwrdt32aauwjvslr9g3u
COMBOTS-aa4150-02c5,709,891,erd1w8j0meqp0dxuk67me72hrhdtarx9u3kmwxtjvncp89s720wqvl8sj7lfmd
COMBOTS-aa4150-02c4,708,190,erd1k4umqhapvve4d30nv3p7u4dxcyjmzdnly4thkvx7xn82mzufcjqq76vlqm
COMBOTS-aa4150-02c3,707,176,erd1qqqqqqqqqqqqqpgq705fxpfrjne0tl3ece0rrspykq88mynn4kxs2cg43s
COMBOTS-aa4150-02c2,706,216,erd1wntft3qs5f0zysvhfakdf9tz4hcl9526urh79call8l2y8vx8afqkpmyse
COMBOTS-aa4150-02c1,705,18,erd1nlhu9vm64kx7dy0kmyk3yjcmphlvuu07ehfyjsnc6grrt6er4afs4aeqxf
COMBOTS-aa4150-02c0,704,581,erd1g058zeufm39jp6hklkt4sh0m7r9l2d7ad3e3cq5vycqf7w3utjlsz520hv
COMBOTS-aa4150-02bf,703,578,erd1mdp73tp9aq00z42806sxdyuh0z5mlfm5sgng6lw220q7kmm0c3fqt3ypvl
COMBOTS-aa4150-02be,702,268,erd1rh5ddjpw7688vez7kcy20apmen326hkf97j4enmmvwx9m20xx9qqjq4qy2
COMBOTS-aa4150-02bd,701,291,erd1aa8wrrerc7dl6v7jpc4jhuamp5swya2hxl86ly8x83llasc9cezq2mvq3w
COMBOTS-aa4150-02bc,700,478,erd1k4umqhapvve4d30nv3p7u4dxcyjmzdnly4thkvx7xn82mzufcjqq76vlqm
COMBOTS-aa4150-02bb,699,821,erd1qqqqqqqqqqqqqpgq6wegs2xkypfpync8mn2sa5cmpqjlvrhwz5nqgepyg8
COMBOTS-aa4150-02ba,698,183,erd1ln42z8cqh9xf3sqgcqlw8srqxrkhum3df47u96wj6gapdmgtezwqlquzxm
COMBOTS-aa4150-02b9,697,376,erd1nrqw78ap9azgyhejwpcwvmapj9dcxc5esud47qhtf03p9m4sa3lqrkrz5g
COMBOTS-aa4150-02b8,696,887,erd1wntft3qs5f0zysvhfakdf9tz4hcl9526urh79call8l2y8vx8afqkpmyse
COMBOTS-aa4150-02b7,695,36,erd1azydwvvwd8hwsld4a737ldvnkmxjugxemsxcd8us7swql04une7sfhh57k
COMBOTS-aa4150-02b6,694,459,erd159mypt4myss3mqrs89ft0hjeacffks2690gq9u3mlh73m9sh0w5s09eqhh
COMBOTS-aa4150-02b5,693,809,erd14dhg45peqmz6w38q969s8wy53f22fpahvkhcgfpcqlmnenc0na8quh92ju
COMBOTS-aa4150-02b4,692,441,erd1jvd8ted5nk4ym5pl5ylmpujgsegs35uzwwqntj64ss0c3tc5dqrse9pwuq
COMBOTS-aa4150-02b3,691,102,erd16lqdzh0u0egfec7t9zx7qd2ua6hnkpu5qknmmpjtntj8vlr529wsx27l4m
COMBOTS-aa4150-02b2,690,644,erd1djcd3pch6tenlk07gjl58phq7yup5eqvp3s7qqatwqsf76fkqc7q2na63g
COMBOTS-aa4150-02b1,689,170,erd1z563juvyfl7etnev8ua65vzhx65ln0rp0m783hq2m2wgdxx6z83s9t2cmv
COMBOTS-aa4150-02b0,688,540,erd1zs6c8c6p80gfdaxh5wzzt0z3l5p50x2rmp8qrta9sd09lcj0gjnsu5jxdk
COMBOTS-aa4150-02af,687,829,erd17lufzwzgcuxy468evpq9768nesnk8rkrxjzuakws7az26e3eyg3sejznnw
COMBOTS-aa4150-02ae,686,413,erd1lt6jezu7v6g758j3nyk8urmk32c2ykhytf6y7dcuqw2hyyu5j2qsnuk4n7
COMBOTS-aa4150-02ad,685,396,erd1w8j0meqp0dxuk67me72hrhdtarx9u3kmwxtjvncp89s720wqvl8sj7lfmd
COMBOTS-aa4150-02ac,684,966,erd1wntft3qs5f0zysvhfakdf9tz4hcl9526urh79call8l2y8vx8afqkpmyse
COMBOTS-aa4150-02ab,683,237,erd1aa8wrrerc7dl6v7jpc4jhuamp5swya2hxl86ly8x83llasc9cezq2mvq3w
COMBOTS-aa4150-02aa,682,930,erd10yqfg9ufrmypkv9ngyc2fd4h60ks7dvwyz9vguzwrdt32aauwjvslr9g3u
COMBOTS-aa4150-02a9,681,471,erd10yqfg9ufrmypkv9ngyc2fd4h60ks7dvwyz9vguzwrdt32aauwjvslr9g3u
COMBOTS-aa4150-02a8,680,903,erd1djcd3pch6tenlk07gjl58phq7yup5eqvp3s7qqatwqsf76fkqc7q2na63g
COMBOTS-aa4150-02a7,679,725,erd1lkdwuhctxg3xnmp2wps5sm3e5024jpg8n0umak4zhu3fu2kzv9as9nsj0w
COMBOTS-aa4150-02a6,678,978,erd10yqfg9ufrmypkv9ngyc2fd4h60ks7dvwyz9vguzwrdt32aauwjvslr9g3u
COMBOTS-aa4150-02a5,677,906,erd16efgcmcd4fs923xhgchjfas233ur3ghrjnpg3a5ckwanxhs6tysszxf96r
COMBOTS-aa4150-02a4,676,951,erd16lqdzh0u0egfec7t9zx7qd2ua6hnkpu5qknmmpjtntj8vlr529wsx27l4m
COMBOTS-aa4150-02a3,675,187,erd1k4umqhapvve4d30nv3p7u4dxcyjmzdnly4thkvx7xn82mzufcjqq76vlqm
COMBOTS-aa4150-02a2,674,654,erd17lufzwzgcuxy468evpq9768nesnk8rkrxjzuakws7az26e3eyg3sejznnw
COMBOTS-aa4150-02a1,673,269,erd1f6u6elxf5rgql2gu2cvcqv7qyd5zqzhhnkwsg7samxl88pyu3xhsfwf7h8
COMBOTS-aa4150-02a0,672,244,erd159mypt4myss3mqrs89ft0hjeacffks2690gq9u3mlh73m9sh0w5s09eqhh
COMBOTS-aa4150-029f,671,884,erd1qqqqqqqqqqqqqpgq6wegs2xkypfpync8mn2sa5cmpqjlvrhwz5nqgepyg8
COMBOTS-aa4150-029e,670,293,erd1aa8wrrerc7dl6v7jpc4jhuamp5swya2hxl86ly8x83llasc9cezq2mvq3w
COMBOTS-aa4150-029d,669,155,erd1qqqqqqqqqqqqqpgq6wegs2xkypfpync8mn2sa5cmpqjlvrhwz5nqgepyg8
COMBOTS-aa4150-029c,668,802,erd1w8j0meqp0dxuk67me72hrhdtarx9u3kmwxtjvncp89s720wqvl8sj7lfmd
COMBOTS-aa4150-029b,667,457,erd1x3nqzfwu88hljtw4px6c6txykmcddpg86e4cwaqjxel6zwn52gcq29ffht
COMBOTS-aa4150-029a,666,616,erd1lkdwuhctxg3xnmp2wps5sm3e5024jpg8n0umak4zhu3fu2kzv9as9nsj0w
COMBOTS-aa4150-0299,665,733,erd1mg3u5fm0d4rquxpr7hxt096507ze4j4xpngfuweynewc9cphgy8q4y972q
COMBOTS-aa4150-0298,664,805,erd1zs6c8c6p80gfdaxh5wzzt0z3l5p50x2rmp8qrta9sd09lcj0gjnsu5jxdk
COMBOTS-aa4150-0297,663,991,erd1dmmalh3nycjt4v63jedn6530d8xwdh62flgq379v2ay45zm2sw6sa4u3kp
COMBOTS-aa4150-0296,662,688,erd1lt6jezu7v6g758j3nyk8urmk32c2ykhytf6y7dcuqw2hyyu5j2qsnuk4n7
COMBOTS-aa4150-0295,661,853,erd15hzdgp48hcfjakza9ge5kj9uvwjpad3ujhuvrlh9u9mvegalp8vskphapp
COMBOTS-aa4150-0294,660,340,erd1lt6jezu7v6g758j3nyk8urmk32c2ykhytf6y7dcuqw2hyyu5j2qsnuk4n7
COMBOTS-aa4150-0293,659,617,erd10yqfg9ufrmypkv9ngyc2fd4h60ks7dvwyz9vguzwrdt32aauwjvslr9g3u
COMBOTS-aa4150-0292,658,416,erd1lt6jezu7v6g758j3nyk8urmk32c2ykhytf6y7dcuqw2hyyu5j2qsnuk4n7
COMBOTS-aa4150-0291,657,832,erd1qqqqqqqqqqqqqpgq6wegs2xkypfpync8mn2sa5cmpqjlvrhwz5nqgepyg8
COMBOTS-aa4150-0290,656,167,erd1yr4ynrnd09zx3ngyzazvsrv6aguecklffa4ulge4cnwx4ljf63jqcpv2t2
COMBOTS-aa4150-028f,655,215,erd1nrqw78ap9azgyhejwpcwvmapj9dcxc5esud47qhtf03p9m4sa3lqrkrz5g
COMBOTS-aa4150-028e,654,229,erd1e7luwejzv43kez0qzv8wmx07lu4zgdxnndp0emegc8v8sypwwkkq6qjyuu
COMBOTS-aa4150-028d,653,301,erd1k4umqhapvve4d30nv3p7u4dxcyjmzdnly4thkvx7xn82mzufcjqq76vlqm
COMBOTS-aa4150-028c,652,796,erd1qqqqqqqqqqqqqpgq6wegs2xkypfpync8mn2sa5cmpqjlvrhwz5nqgepyg8
COMBOTS-aa4150-028b,651,543,erd1wntft3qs5f0zysvhfakdf9tz4hcl9526urh79call8l2y8vx8afqkpmyse
COMBOTS-aa4150-028a,650,528,erd1ht592jyxht5p6yrak97t3j6lvh7em4e6cy5rhaelau8x8gglazgqpr2xu2
COMBOTS-aa4150-0289,649,493,erd1wntft3qs5f0zysvhfakdf9tz4hcl9526urh79call8l2y8vx8afqkpmyse
COMBOTS-aa4150-0288,648,894,erd16lqdzh0u0egfec7t9zx7qd2ua6hnkpu5qknmmpjtntj8vlr529wsx27l4m
COMBOTS-aa4150-0287,647,744,erd1lkdwuhctxg3xnmp2wps5sm3e5024jpg8n0umak4zhu3fu2kzv9as9nsj0w
COMBOTS-aa4150-0286,646,389,erd1k4umqhapvve4d30nv3p7u4dxcyjmzdnly4thkvx7xn82mzufcjqq76vlqm
COMBOTS-aa4150-0285,645,702,erd1g058zeufm39jp6hklkt4sh0m7r9l2d7ad3e3cq5vycqf7w3utjlsz520hv
COMBOTS-aa4150-0284,644,464,erd10yqfg9ufrmypkv9ngyc2fd4h60ks7dvwyz9vguzwrdt32aauwjvslr9g3u
COMBOTS-aa4150-0283,643,306,erd1np3wxmn6vl536xmahpvtcman7mljzg332xx8tpv8gq0k92pus69qhtnygl
COMBOTS-aa4150-0282,642,730,erd1qqqqqqqqqqqqqpgq6wegs2xkypfpync8mn2sa5cmpqjlvrhwz5nqgepyg8
COMBOTS-aa4150-0281,641,645,erd1ne6jp45m2k2qdvdjufj97fz8xgsndgesl6ce0fykyzsq9uflz3gq05x989
COMBOTS-aa4150-0280,640,367,erd159mypt4myss3mqrs89ft0hjeacffks2690gq9u3mlh73m9sh0w5s09eqhh
COMBOTS-aa4150-027f,639,649,erd1g058zeufm39jp6hklkt4sh0m7r9l2d7ad3e3cq5vycqf7w3utjlsz520hv
COMBOTS-aa4150-027e,638,114,erd1ne6jp45m2k2qdvdjufj97fz8xgsndgesl6ce0fykyzsq9uflz3gq05x989
COMBOTS-aa4150-027d,637,135,erd1nlhu9vm64kx7dy0kmyk3yjcmphlvuu07ehfyjsnc6grrt6er4afs4aeqxf
COMBOTS-aa4150-027c,636,181,erd1aa8wrrerc7dl6v7jpc4jhuamp5swya2hxl86ly8x83llasc9cezq2mvq3w
COMBOTS-aa4150-027b,635,696,erd1wntft3qs5f0zysvhfakdf9tz4hcl9526urh79call8l2y8vx8afqkpmyse
COMBOTS-aa4150-027a,634,593,erd1wntft3qs5f0zysvhfakdf9tz4hcl9526urh79call8l2y8vx8afqkpmyse
COMBOTS-aa4150-0279,633,977,erd1qqqqqqqqqqqqqpgq6wegs2xkypfpync8mn2sa5cmpqjlvrhwz5nqgepyg8
COMBOTS-aa4150-0278,632,603,erd1yr4ynrnd09zx3ngyzazvsrv6aguecklffa4ulge4cnwx4ljf63jqcpv2t2
COMBOTS-aa4150-0277,631,312,erd1lkdwuhctxg3xnmp2wps5sm3e5024jpg8n0umak4zhu3fu2kzv9as9nsj0w
COMBOTS-aa4150-0276,630,505,erd10yqfg9ufrmypkv9ngyc2fd4h60ks7dvwyz9vguzwrdt32aauwjvslr9g3u
COMBOTS-aa4150-0275,629,277,erd1f6u6elxf5rgql2gu2cvcqv7qyd5zqzhhnkwsg7samxl88pyu3xhsfwf7h8
COMBOTS-aa4150-0274,628,345,erd1w8j0meqp0dxuk67me72hrhdtarx9u3kmwxtjvncp89s720wqvl8sj7lfmd
COMBOTS-aa4150-0273,627,526,erd1wntft3qs5f0zysvhfakdf9tz4hcl9526urh79call8l2y8vx8afqkpmyse
COMBOTS-aa4150-0272,626,175,erd14jm6swhn9lu4m9634hkvgdhtq4vyaf0dutk9w47ma06vk3yh7t2s9c4ng5
COMBOTS-aa4150-0271,625,873,erd15c7p02w8vr6z7a8c330307jlc8yfj363rqxr5wjv0908x4c0lc9stk6f4u
COMBOTS-aa4150-0270,624,992,erd1wntft3qs5f0zysvhfakdf9tz4hcl9526urh79call8l2y8vx8afqkpmyse
COMBOTS-aa4150-026f,623,350,erd173pgmrpt3vxmev0spfjmunw85jra5fysr2v0740k3tke37ywa2vqqu39tw
COMBOTS-aa4150-026e,622,341,erd173pgmrpt3vxmev0spfjmunw85jra5fysr2v0740k3tke37ywa2vqqu39tw
COMBOTS-aa4150-026d,621,940,erd1f6u6elxf5rgql2gu2cvcqv7qyd5zqzhhnkwsg7samxl88pyu3xhsfwf7h8
COMBOTS-aa4150-026c,620,39,erd1azydwvvwd8hwsld4a737ldvnkmxjugxemsxcd8us7swql04une7sfhh57k
COMBOTS-aa4150-026b,619,168,erd14jm6swhn9lu4m9634hkvgdhtq4vyaf0dutk9w47ma06vk3yh7t2s9c4ng5
COMBOTS-aa4150-026a,618,115,erd1lt6jezu7v6g758j3nyk8urmk32c2ykhytf6y7dcuqw2hyyu5j2qsnuk4n7
COMBOTS-aa4150-0269,617,385,erd1qqqqqqqqqqqqqpgq6wegs2xkypfpync8mn2sa5cmpqjlvrhwz5nqgepyg8
COMBOTS-aa4150-0268,616,965,erd10yqfg9ufrmypkv9ngyc2fd4h60ks7dvwyz9vguzwrdt32aauwjvslr9g3u
COMBOTS-aa4150-0267,615,365,erd1q7466cw9xqne5fg2kj8jdmmua45l70esfa5rmjnhvvufffydamqqzzz3m7
COMBOTS-aa4150-0266,614,970,erd1w8j0meqp0dxuk67me72hrhdtarx9u3kmwxtjvncp89s720wqvl8sj7lfmd
COMBOTS-aa4150-0265,613,722,erd1qqqqqqqqqqqqqpgq6wegs2xkypfpync8mn2sa5cmpqjlvrhwz5nqgepyg8
COMBOTS-aa4150-0264,612,270,erd1mg3u5fm0d4rquxpr7hxt096507ze4j4xpngfuweynewc9cphgy8q4y972q
COMBOTS-aa4150-0263,611,700,erd1q7466cw9xqne5fg2kj8jdmmua45l70esfa5rmjnhvvufffydamqqzzz3m7
COMBOTS-aa4150-0262,610,895,erd10yqfg9ufrmypkv9ngyc2fd4h60ks7dvwyz9vguzwrdt32aauwjvslr9g3u
COMBOTS-aa4150-0261,609,481,erd10yqfg9ufrmypkv9ngyc2fd4h60ks7dvwyz9vguzwrdt32aauwjvslr9g3u
COMBOTS-aa4150-0260,608,633,erd1c7ag50xxcsrw5vtpjgx8d5a957rnck5xdrvr9ah8wgr7j4nv083s8kq3nj
COMBOTS-aa4150-025f,607,926,erd1qqqqqqqqqqqqqpgq6wegs2xkypfpync8mn2sa5cmpqjlvrhwz5nqgepyg8
COMBOTS-aa4150-025e,606,698,erd1ln42z8cqh9xf3sqgcqlw8srqxrkhum3df47u96wj6gapdmgtezwqlquzxm
COMBOTS-aa4150-025d,605,784,erd19c2zu5jgfpxlxjzmr9mwsk7v80as44e3q8ywyvu3nhlhm935jpgs7eeffy
COMBOTS-aa4150-025c,604,518,erd1mdp73tp9aq00z42806sxdyuh0z5mlfm5sgng6lw220q7kmm0c3fqt3ypvl
COMBOTS-aa4150-025b,603,364,erd10yqfg9ufrmypkv9ngyc2fd4h60ks7dvwyz9vguzwrdt32aauwjvslr9g3u
COMBOTS-aa4150-025a,602,570,erd1lkdwuhctxg3xnmp2wps5sm3e5024jpg8n0umak4zhu3fu2kzv9as9nsj0w
COMBOTS-aa4150-0259,601,914,erd10yqfg9ufrmypkv9ngyc2fd4h60ks7dvwyz9vguzwrdt32aauwjvslr9g3u
COMBOTS-aa4150-0258,600,764,erd10yqfg9ufrmypkv9ngyc2fd4h60ks7dvwyz9vguzwrdt32aauwjvslr9g3u
COMBOTS-aa4150-0257,599,323,erd1c7ag50xxcsrw5vtpjgx8d5a957rnck5xdrvr9ah8wgr7j4nv083s8kq3nj
COMBOTS-aa4150-0256,598,620,erd1c7ag50xxcsrw5vtpjgx8d5a957rnck5xdrvr9ah8wgr7j4nv083s8kq3nj
COMBOTS-aa4150-0255,597,995,erd1lkdwuhctxg3xnmp2wps5sm3e5024jpg8n0umak4zhu3fu2kzv9as9nsj0w
COMBOTS-aa4150-0254,596,96,erd1f2tag0gugcqpshvc9jekughv60ua9nyav2jyqx0cherzjl7svs0s2dl692
COMBOTS-aa4150-0253,595,375,erd1c7ag50xxcsrw5vtpjgx8d5a957rnck5xdrvr9ah8wgr7j4nv083s8kq3nj
COMBOTS-aa4150-0252,594,192,erd1ne6jp45m2k2qdvdjufj97fz8xgsndgesl6ce0fykyzsq9uflz3gq05x989
COMBOTS-aa4150-0251,593,120,erd1q7466cw9xqne5fg2kj8jdmmua45l70esfa5rmjnhvvufffydamqqzzz3m7
COMBOTS-aa4150-0250,592,257,erd1c7ag50xxcsrw5vtpjgx8d5a957rnck5xdrvr9ah8wgr7j4nv083s8kq3nj
COMBOTS-aa4150-024f,591,568,erd1w8j0meqp0dxuk67me72hrhdtarx9u3kmwxtjvncp89s720wqvl8sj7lfmd
COMBOTS-aa4150-024e,590,325,erd12g6qle82zezwuqy5rc676slnnfp0jnu4hrzuzhghl5daypprszjqkkan5s
COMBOTS-aa4150-024d,589,726,erd1mf2wtc4jh2zujhu4nynvrpaua9e98c4lwdyjnpp57qcx2gyqfy6q8l8ccp
COMBOTS-aa4150-024c,588,280,erd1wntft3qs5f0zysvhfakdf9tz4hcl9526urh79call8l2y8vx8afqkpmyse
COMBOTS-aa4150-024b,587,344,erd1ln42z8cqh9xf3sqgcqlw8srqxrkhum3df47u96wj6gapdmgtezwqlquzxm
COMBOTS-aa4150-024a,586,124,erd1nlhu9vm64kx7dy0kmyk3yjcmphlvuu07ehfyjsnc6grrt6er4afs4aeqxf
COMBOTS-aa4150-0249,585,282,erd1x2ahw3yka7ppl6vnva57jplq62f4jsxp24grtkzwxt3t77pntkpq687vyr
COMBOTS-aa4150-0248,584,532,erd1q7466cw9xqne5fg2kj8jdmmua45l70esfa5rmjnhvvufffydamqqzzz3m7
COMBOTS-aa4150-0247,583,622,erd1qqqqqqqqqqqqqpgq6wegs2xkypfpync8mn2sa5cmpqjlvrhwz5nqgepyg8
COMBOTS-aa4150-0246,582,534,erd1mg3u5fm0d4rquxpr7hxt096507ze4j4xpngfuweynewc9cphgy8q4y972q
COMBOTS-aa4150-0245,581,101,erd1mdp73tp9aq00z42806sxdyuh0z5mlfm5sgng6lw220q7kmm0c3fqt3ypvl
COMBOTS-aa4150-0244,580,78,erd1c7ag50xxcsrw5vtpjgx8d5a957rnck5xdrvr9ah8wgr7j4nv083s8kq3nj
COMBOTS-aa4150-0243,579,924,erd1wntft3qs5f0zysvhfakdf9tz4hcl9526urh79call8l2y8vx8afqkpmyse
COMBOTS-aa4150-0242,578,209,erd1q7466cw9xqne5fg2kj8jdmmua45l70esfa5rmjnhvvufffydamqqzzz3m7
COMBOTS-aa4150-0241,577,747,erd1lkdwuhctxg3xnmp2wps5sm3e5024jpg8n0umak4zhu3fu2kzv9as9nsj0w
COMBOTS-aa4150-0240,576,882,erd1c7ag50xxcsrw5vtpjgx8d5a957rnck5xdrvr9ah8wgr7j4nv083s8kq3nj
COMBOTS-aa4150-023f,575,988,erd1wntft3qs5f0zysvhfakdf9tz4hcl9526urh79call8l2y8vx8afqkpmyse
COMBOTS-aa4150-023e,574,629,erd1mdp73tp9aq00z42806sxdyuh0z5mlfm5sgng6lw220q7kmm0c3fqt3ypvl
COMBOTS-aa4150-023d,573,337,erd1lkdwuhctxg3xnmp2wps5sm3e5024jpg8n0umak4zhu3fu2kzv9as9nsj0w
COMBOTS-aa4150-023c,572,648,erd1c7ag50xxcsrw5vtpjgx8d5a957rnck5xdrvr9ah8wgr7j4nv083s8kq3nj
COMBOTS-aa4150-023b,571,310,erd10yqfg9ufrmypkv9ngyc2fd4h60ks7dvwyz9vguzwrdt32aauwjvslr9g3u
COMBOTS-aa4150-023a,570,42,erd1k4umqhapvve4d30nv3p7u4dxcyjmzdnly4thkvx7xn82mzufcjqq76vlqm
COMBOTS-aa4150-0239,569,788,erd1qqqqqqqqqqqqqpgq6wegs2xkypfpync8mn2sa5cmpqjlvrhwz5nqgepyg8
COMBOTS-aa4150-0238,568,467,erd1ju5fxhtdmzyr83wjdhuhyht2w0qlgufvewk6kdew5kg6a8wezdgsnnd2ln
COMBOTS-aa4150-0237,567,541,erd1ln42z8cqh9xf3sqgcqlw8srqxrkhum3df47u96wj6gapdmgtezwqlquzxm
COMBOTS-aa4150-0236,566,589,erd1qqqqqqqqqqqqqpgq6wegs2xkypfpync8mn2sa5cmpqjlvrhwz5nqgepyg8
COMBOTS-aa4150-0235,565,371,erd1q7466cw9xqne5fg2kj8jdmmua45l70esfa5rmjnhvvufffydamqqzzz3m7
COMBOTS-aa4150-0234,564,173,erd1qqqqqqqqqqqqqpgq6wegs2xkypfpync8mn2sa5cmpqjlvrhwz5nqgepyg8
COMBOTS-aa4150-0233,563,206,erd1f2tag0gugcqpshvc9jekughv60ua9nyav2jyqx0cherzjl7svs0s2dl692
COMBOTS-aa4150-0232,562,879,erd1qqqqqqqqqqqqqpgq6wegs2xkypfpync8mn2sa5cmpqjlvrhwz5nqgepyg8
COMBOTS-aa4150-0231,561,597,erd10yqfg9ufrmypkv9ngyc2fd4h60ks7dvwyz9vguzwrdt32aauwjvslr9g3u
COMBOTS-aa4150-0230,560,599,erd1mg3u5fm0d4rquxpr7hxt096507ze4j4xpngfuweynewc9cphgy8q4y972q
COMBOTS-aa4150-022f,559,925,erd10yqfg9ufrmypkv9ngyc2fd4h60ks7dvwyz9vguzwrdt32aauwjvslr9g3u
COMBOTS-aa4150-022e,558,576,erd1wntft3qs5f0zysvhfakdf9tz4hcl9526urh79call8l2y8vx8afqkpmyse
COMBOTS-aa4150-022d,557,587,erd1q7466cw9xqne5fg2kj8jdmmua45l70esfa5rmjnhvvufffydamqqzzz3m7
COMBOTS-aa4150-022c,556,113,erd1lt6jezu7v6g758j3nyk8urmk32c2ykhytf6y7dcuqw2hyyu5j2qsnuk4n7
COMBOTS-aa4150-022b,555,611,erd1qqqqqqqqqqqqqpgq6wegs2xkypfpync8mn2sa5cmpqjlvrhwz5nqgepyg8
COMBOTS-aa4150-022a,554,667,erd15c7p02w8vr6z7a8c330307jlc8yfj363rqxr5wjv0908x4c0lc9stk6f4u
COMBOTS-aa4150-0229,553,431,erd1mg3u5fm0d4rquxpr7hxt096507ze4j4xpngfuweynewc9cphgy8q4y972q
COMBOTS-aa4150-0228,552,419,erd13ujjfmw7sv86y64nw9lxkl8kvapt25x09k3ej2xgykywwe3z6ueqn782e8
COMBOTS-aa4150-0227,551,791,erd1qqqqqqqqqqqqqpgq6wegs2xkypfpync8mn2sa5cmpqjlvrhwz5nqgepyg8
COMBOTS-aa4150-0226,550,218,erd14jm6swhn9lu4m9634hkvgdhtq4vyaf0dutk9w47ma06vk3yh7t2s9c4ng5
COMBOTS-aa4150-0225,549,601,erd1c7ag50xxcsrw5vtpjgx8d5a957rnck5xdrvr9ah8wgr7j4nv083s8kq3nj
COMBOTS-aa4150-0224,548,414,erd1q7466cw9xqne5fg2kj8jdmmua45l70esfa5rmjnhvvufffydamqqzzz3m7
COMBOTS-aa4150-0223,547,144,erd14jm6swhn9lu4m9634hkvgdhtq4vyaf0dutk9w47ma06vk3yh7t2s9c4ng5
COMBOTS-aa4150-0222,546,907,erd1qqqqqqqqqqqqqpgq6wegs2xkypfpync8mn2sa5cmpqjlvrhwz5nqgepyg8
COMBOTS-aa4150-0221,545,275,erd1f4dw0ws0rv8kdwhm5s62ywchldr6l0l2gq36s7k7ky4cc0ya0saqnkpwtn
COMBOTS-aa4150-0220,544,961,erd1qqqqqqqqqqqqqpgq6wegs2xkypfpync8mn2sa5cmpqjlvrhwz5nqgepyg8
COMBOTS-aa4150-021f,543,492,erd173pgmrpt3vxmev0spfjmunw85jra5fysr2v0740k3tke37ywa2vqqu39tw
COMBOTS-aa4150-021e,542,690,erd1lkdwuhctxg3xnmp2wps5sm3e5024jpg8n0umak4zhu3fu2kzv9as9nsj0w
COMBOTS-aa4150-021d,541,262,erd10yqfg9ufrmypkv9ngyc2fd4h60ks7dvwyz9vguzwrdt32aauwjvslr9g3u
COMBOTS-aa4150-021c,540,112,erd1c7ag50xxcsrw5vtpjgx8d5a957rnck5xdrvr9ah8wgr7j4nv083s8kq3nj
COMBOTS-aa4150-021b,539,54,erd1qqqqqqqqqqqqqpgq6wegs2xkypfpync8mn2sa5cmpqjlvrhwz5nqgepyg8
COMBOTS-aa4150-021a,538,816,erd10yqfg9ufrmypkv9ngyc2fd4h60ks7dvwyz9vguzwrdt32aauwjvslr9g3u
COMBOTS-aa4150-0219,537,100,erd1f6u6elxf5rgql2gu2cvcqv7qyd5zqzhhnkwsg7samxl88pyu3xhsfwf7h8
COMBOTS-aa4150-0218,536,519,erd1tyycyldmcckka6qyjdgpnl5huj6uqrala3fxt2ncv7s2csuvgmkqj9mmpa
COMBOTS-aa4150-0217,535,426,erd1k4umqhapvve4d30nv3p7u4dxcyjmzdnly4thkvx7xn82mzufcjqq76vlqm
COMBOTS-aa4150-0216,534,482,erd1mdp73tp9aq00z42806sxdyuh0z5mlfm5sgng6lw220q7kmm0c3fqt3ypvl
COMBOTS-aa4150-0215,533,64,erd1yr4ynrnd09zx3ngyzazvsrv6aguecklffa4ulge4cnwx4ljf63jqcpv2t2
COMBOTS-aa4150-0214,532,366,erd1mdp73tp9aq00z42806sxdyuh0z5mlfm5sgng6lw220q7kmm0c3fqt3ypvl
COMBOTS-aa4150-0213,531,158,erd1qqqqqqqqqqqqqpgq6wegs2xkypfpync8mn2sa5cmpqjlvrhwz5nqgepyg8
COMBOTS-aa4150-0212,530,869,erd1wntft3qs5f0zysvhfakdf9tz4hcl9526urh79call8l2y8vx8afqkpmyse
COMBOTS-aa4150-0211,529,935,erd1j7p5ug6xd74ggv9mej8ezak30ulyqpzxjfk4axnw09qstpural5s4l5lx9
COMBOTS-aa4150-0210,528,272,erd14pw007vqfcqa5h6acvxphfu6vkltqvrjkdunw4e7av8ejnw86pnqr8uwwv
COMBOTS-aa4150-020f,527,316,erd1f4dw0ws0rv8kdwhm5s62ywchldr6l0l2gq36s7k7ky4cc0ya0saqnkpwtn
COMBOTS-aa4150-020e,526,60,erd1nlhu9vm64kx7dy0kmyk3yjcmphlvuu07ehfyjsnc6grrt6er4afs4aeqxf
COMBOTS-aa4150-020d,525,664,erd173pgmrpt3vxmev0spfjmunw85jra5fysr2v0740k3tke37ywa2vqqu39tw
COMBOTS-aa4150-020c,524,814,erd1nrqw78ap9azgyhejwpcwvmapj9dcxc5esud47qhtf03p9m4sa3lqrkrz5g
COMBOTS-aa4150-020b,523,575,erd1mg3u5fm0d4rquxpr7hxt096507ze4j4xpngfuweynewc9cphgy8q4y972q
COMBOTS-aa4150-020a,522,314,erd12g6qle82zezwuqy5rc676slnnfp0jnu4hrzuzhghl5daypprszjqkkan5s
COMBOTS-aa4150-0209,521,71,erd1f4dw0ws0rv8kdwhm5s62ywchldr6l0l2gq36s7k7ky4cc0ya0saqnkpwtn
COMBOTS-aa4150-0208,520,119,erd1f4dw0ws0rv8kdwhm5s62ywchldr6l0l2gq36s7k7ky4cc0ya0saqnkpwtn
COMBOTS-aa4150-0207,519,249,erd1lt6jezu7v6g758j3nyk8urmk32c2ykhytf6y7dcuqw2hyyu5j2qsnuk4n7
COMBOTS-aa4150-0206,518,76,erd1ne6jp45m2k2qdvdjufj97fz8xgsndgesl6ce0fykyzsq9uflz3gq05x989
COMBOTS-aa4150-0205,517,735,erd19rx7hahlau4f8lu25p5hlzhpatdm8td7ct8dmsxdra0q0mn65q4qjn936l
COMBOTS-aa4150-0204,516,681,erd1qqqqqqqqqqqqqpgq6wegs2xkypfpync8mn2sa5cmpqjlvrhwz5nqgepyg8
COMBOTS-aa4150-0203,515,551,erd14pw007vqfcqa5h6acvxphfu6vkltqvrjkdunw4e7av8ejnw86pnqr8uwwv
COMBOTS-aa4150-0202,514,635,erd14dhg45peqmz6w38q969s8wy53f22fpahvkhcgfpcqlmnenc0na8quh92ju
COMBOTS-aa4150-0201,513,979,erd13ue5vrk7p5jgm4htvspukwcz8jf6p7l63w08urggpuseczyrqf7q92v8tn
COMBOTS-aa4150-0200,512,626,erd1ne6jp45m2k2qdvdjufj97fz8xgsndgesl6ce0fykyzsq9uflz3gq05x989
COMBOTS-aa4150-01ff,511,840,erd16cg0p6rk2duzg60mwlac8j8qs26qvaxf72h5a57qse29g97z8edqkk9s3t
COMBOTS-aa4150-01fe,510,305,erd1x3nqzfwu88hljtw4px6c6txykmcddpg86e4cwaqjxel6zwn52gcq29ffht
COMBOTS-aa4150-01fd,509,720,erd1duar0lcwunjtp80wwupjarjgw8yl5pjr6vg960zp5jzuefus7cgsmdpu92
COMBOTS-aa4150-01fc,508,537,erd1mdp73tp9aq00z42806sxdyuh0z5mlfm5sgng6lw220q7kmm0c3fqt3ypvl
COMBOTS-aa4150-01fb,507,256,erd1ne6jp45m2k2qdvdjufj97fz8xgsndgesl6ce0fykyzsq9uflz3gq05x989
COMBOTS-aa4150-01fa,506,594,erd1qqqqqqqqqqqqqpgq6wegs2xkypfpync8mn2sa5cmpqjlvrhwz5nqgepyg8
COMBOTS-aa4150-01f9,505,902,erd1xl8m4s53vtjdh67ttxhv0sulzf7ksu5zlqqernx72w4pu5xkhdfswy5gkd
COMBOTS-aa4150-01f8,504,826,erd14q9n4ju8r0x77hxrnyyvk8p8hhr3gazfmarg5qgxrhmrdd2cfans4anwt2
COMBOTS-aa4150-01f7,503,343,erd1lkdwuhctxg3xnmp2wps5sm3e5024jpg8n0umak4zhu3fu2kzv9as9nsj0w
COMBOTS-aa4150-01f6,502,107,erd1aa8wrrerc7dl6v7jpc4jhuamp5swya2hxl86ly8x83llasc9cezq2mvq3w
COMBOTS-aa4150-01f5,501,871,erd1c7ag50xxcsrw5vtpjgx8d5a957rnck5xdrvr9ah8wgr7j4nv083s8kq3nj
COMBOTS-aa4150-01f4,500,683,erd1c7ag50xxcsrw5vtpjgx8d5a957rnck5xdrvr9ah8wgr7j4nv083s8kq3nj
COMBOTS-aa4150-01f3,499,600,erd1nrqw78ap9azgyhejwpcwvmapj9dcxc5esud47qhtf03p9m4sa3lqrkrz5g
COMBOTS-aa4150-01f2,498,251,erd1f2tag0gugcqpshvc9jekughv60ua9nyav2jyqx0cherzjl7svs0s2dl692
COMBOTS-aa4150-01f1,497,458,erd1ne6jp45m2k2qdvdjufj97fz8xgsndgesl6ce0fykyzsq9uflz3gq05x989
COMBOTS-aa4150-01f0,496,665,erd173pgmrpt3vxmev0spfjmunw85jra5fysr2v0740k3tke37ywa2vqqu39tw
COMBOTS-aa4150-01ef,495,759,erd1qqqqqqqqqqqqqpgq6wegs2xkypfpync8mn2sa5cmpqjlvrhwz5nqgepyg8
COMBOTS-aa4150-01ee,494,705,erd1lkdwuhctxg3xnmp2wps5sm3e5024jpg8n0umak4zhu3fu2kzv9as9nsj0w
COMBOTS-aa4150-01ed,493,530,erd1k4umqhapvve4d30nv3p7u4dxcyjmzdnly4thkvx7xn82mzufcjqq76vlqm
COMBOTS-aa4150-01ec,492,548,erd14pw007vqfcqa5h6acvxphfu6vkltqvrjkdunw4e7av8ejnw86pnqr8uwwv
COMBOTS-aa4150-01eb,491,213,erd1nrqw78ap9azgyhejwpcwvmapj9dcxc5esud47qhtf03p9m4sa3lqrkrz5g
COMBOTS-aa4150-01ea,490,238,erd1mg3u5fm0d4rquxpr7hxt096507ze4j4xpngfuweynewc9cphgy8q4y972q
COMBOTS-aa4150-01e9,489,917,erd1qqqqqqqqqqqqqpgq6wegs2xkypfpync8mn2sa5cmpqjlvrhwz5nqgepyg8
COMBOTS-aa4150-01e8,488,73,erd1lt6jezu7v6g758j3nyk8urmk32c2ykhytf6y7dcuqw2hyyu5j2qsnuk4n7
COMBOTS-aa4150-01e7,487,248,erd1nrqw78ap9azgyhejwpcwvmapj9dcxc5esud47qhtf03p9m4sa3lqrkrz5g
COMBOTS-aa4150-01e6,486,947,erd1x3nqzfwu88hljtw4px6c6txykmcddpg86e4cwaqjxel6zwn52gcq29ffht
COMBOTS-aa4150-01e5,485,934,erd1qqqqqqqqqqqqqpgq6wegs2xkypfpync8mn2sa5cmpqjlvrhwz5nqgepyg8
COMBOTS-aa4150-01e4,484,359,erd1np3wxmn6vl536xmahpvtcman7mljzg332xx8tpv8gq0k92pus69qhtnygl
COMBOTS-aa4150-01e3,483,324,erd1k4umqhapvve4d30nv3p7u4dxcyjmzdnly4thkvx7xn82mzufcjqq76vlqm
COMBOTS-aa4150-01e2,482,851,erd1qqqqqqqqqqqqqpgq6wegs2xkypfpync8mn2sa5cmpqjlvrhwz5nqgepyg8
COMBOTS-aa4150-01e1,481,92,erd1gtzm2pfszxh572a7mmphdrhdag84saasvv27etmlqpagxutg60ps0yezqx
COMBOTS-aa4150-01e0,480,846,erd1mdp73tp9aq00z42806sxdyuh0z5mlfm5sgng6lw220q7kmm0c3fqt3ypvl
COMBOTS-aa4150-01df,479,718,erd1n3jynejfgxmakkjdn8uqv042ug5j436t8tn3l4sk403n63qwmdusp4t3r0
COMBOTS-aa4150-01de,478,912,erd1ctm4jnvl4hva6kxn3wj8wg2rpw8sml4xugwkl0jk7dvddhrqsnzqnvh4pr
COMBOTS-aa4150-01dd,477,761,erd1np3wxmn6vl536xmahpvtcman7mljzg332xx8tpv8gq0k92pus69qhtnygl
COMBOTS-aa4150-01dc,476,382,erd1ne6jp45m2k2qdvdjufj97fz8xgsndgesl6ce0fykyzsq9uflz3gq05x989
COMBOTS-aa4150-01db,475,958,erd1rj77nnm5wvevwmsyql45k7psk3v7x9mwr7sa4hceetglsh5kvqcs3nrvgw
COMBOTS-aa4150-01da,474,156,erd1q7466cw9xqne5fg2kj8jdmmua45l70esfa5rmjnhvvufffydamqqzzz3m7
COMBOTS-aa4150-01d9,473,205,erd1f4dw0ws0rv8kdwhm5s62ywchldr6l0l2gq36s7k7ky4cc0ya0saqnkpwtn
COMBOTS-aa4150-01d8,472,572,erd1qqqqqqqqqqqqqpgq6wegs2xkypfpync8mn2sa5cmpqjlvrhwz5nqgepyg8
COMBOTS-aa4150-01d7,471,497,erd1mg3u5fm0d4rquxpr7hxt096507ze4j4xpngfuweynewc9cphgy8q4y972q
COMBOTS-aa4150-01d6,470,743,erd1mg3u5fm0d4rquxpr7hxt096507ze4j4xpngfuweynewc9cphgy8q4y972q
COMBOTS-aa4150-01d5,469,994,erd1wntft3qs5f0zysvhfakdf9tz4hcl9526urh79call8l2y8vx8afqkpmyse
COMBOTS-aa4150-01d4,468,661,erd14pw007vqfcqa5h6acvxphfu6vkltqvrjkdunw4e7av8ejnw86pnqr8uwwv
COMBOTS-aa4150-01d3,467,292,erd1c7ag50xxcsrw5vtpjgx8d5a957rnck5xdrvr9ah8wgr7j4nv083s8kq3nj
COMBOTS-aa4150-01d2,466,608,erd1mdp73tp9aq00z42806sxdyuh0z5mlfm5sgng6lw220q7kmm0c3fqt3ypvl
COMBOTS-aa4150-01d1,465,393,erd1lt6jezu7v6g758j3nyk8urmk32c2ykhytf6y7dcuqw2hyyu5j2qsnuk4n7
COMBOTS-aa4150-01d0,464,433,erd1lt6jezu7v6g758j3nyk8urmk32c2ykhytf6y7dcuqw2hyyu5j2qsnuk4n7
COMBOTS-aa4150-01cf,463,985,erd1w8j0meqp0dxuk67me72hrhdtarx9u3kmwxtjvncp89s720wqvl8sj7lfmd
COMBOTS-aa4150-01ce,462,164,erd1qqqqqqqqqqqqqpgq6wegs2xkypfpync8mn2sa5cmpqjlvrhwz5nqgepyg8
COMBOTS-aa4150-01cd,461,182,erd1gtzm2pfszxh572a7mmphdrhdag84saasvv27etmlqpagxutg60ps0yezqx
COMBOTS-aa4150-01cc,460,857,erd1c7ag50xxcsrw5vtpjgx8d5a957rnck5xdrvr9ah8wgr7j4nv083s8kq3nj
COMBOTS-aa4150-01cb,459,795,erd1mg3u5fm0d4rquxpr7hxt096507ze4j4xpngfuweynewc9cphgy8q4y972q
COMBOTS-aa4150-01ca,458,717,erd1c7ag50xxcsrw5vtpjgx8d5a957rnck5xdrvr9ah8wgr7j4nv083s8kq3nj
COMBOTS-aa4150-01c9,457,792,erd14pw007vqfcqa5h6acvxphfu6vkltqvrjkdunw4e7av8ejnw86pnqr8uwwv
COMBOTS-aa4150-01c8,456,139,erd1q7466cw9xqne5fg2kj8jdmmua45l70esfa5rmjnhvvufffydamqqzzz3m7
COMBOTS-aa4150-01c7,455,704,erd19rx7hahlau4f8lu25p5hlzhpatdm8td7ct8dmsxdra0q0mn65q4qjn936l
COMBOTS-aa4150-01c6,454,588,erd173pgmrpt3vxmev0spfjmunw85jra5fysr2v0740k3tke37ywa2vqqu39tw
COMBOTS-aa4150-01c5,453,872,erd14pw007vqfcqa5h6acvxphfu6vkltqvrjkdunw4e7av8ejnw86pnqr8uwwv
COMBOTS-aa4150-01c4,452,331,erd1f4dw0ws0rv8kdwhm5s62ywchldr6l0l2gq36s7k7ky4cc0ya0saqnkpwtn
COMBOTS-aa4150-01c3,451,946,erd1nrqw78ap9azgyhejwpcwvmapj9dcxc5esud47qhtf03p9m4sa3lqrkrz5g
COMBOTS-aa4150-01c2,450,336,erd1f6u6elxf5rgql2gu2cvcqv7qyd5zqzhhnkwsg7samxl88pyu3xhsfwf7h8
COMBOTS-aa4150-01c1,449,136,erd1yr4ynrnd09zx3ngyzazvsrv6aguecklffa4ulge4cnwx4ljf63jqcpv2t2
COMBOTS-aa4150-01c0,448,949,erd1f6u6elxf5rgql2gu2cvcqv7qyd5zqzhhnkwsg7samxl88pyu3xhsfwf7h8
COMBOTS-aa4150-01bf,447,200,erd14jm6swhn9lu4m9634hkvgdhtq4vyaf0dutk9w47ma06vk3yh7t2s9c4ng5
COMBOTS-aa4150-01be,446,933,erd1q7466cw9xqne5fg2kj8jdmmua45l70esfa5rmjnhvvufffydamqqzzz3m7
COMBOTS-aa4150-01bd,445,130,erd1ju5fxhtdmzyr83wjdhuhyht2w0qlgufvewk6kdew5kg6a8wezdgsnnd2ln
COMBOTS-aa4150-01bc,444,668,erd1mg3u5fm0d4rquxpr7hxt096507ze4j4xpngfuweynewc9cphgy8q4y972q
COMBOTS-aa4150-01bb,443,900,erd1qqqqqqqqqqqqqpgq6wegs2xkypfpync8mn2sa5cmpqjlvrhwz5nqgepyg8
COMBOTS-aa4150-01ba,442,650,erd1qqqqqqqqqqqqqpgq6wegs2xkypfpync8mn2sa5cmpqjlvrhwz5nqgepyg8
COMBOTS-aa4150-01b9,441,953,erd1qqqqqqqqqqqqqpgq6wegs2xkypfpync8mn2sa5cmpqjlvrhwz5nqgepyg8
COMBOTS-aa4150-01b8,440,660,erd1c7ag50xxcsrw5vtpjgx8d5a957rnck5xdrvr9ah8wgr7j4nv083s8kq3nj
COMBOTS-aa4150-01b7,439,94,erd1nlhu9vm64kx7dy0kmyk3yjcmphlvuu07ehfyjsnc6grrt6er4afs4aeqxf
COMBOTS-aa4150-01b6,438,276,erd1mg3u5fm0d4rquxpr7hxt096507ze4j4xpngfuweynewc9cphgy8q4y972q
COMBOTS-aa4150-01b5,437,499,erd1ry2pjhqx55250vyg8ra32ygtnly0u8kaf5uz08gul0ra4qw558aq7m9q5u
COMBOTS-aa4150-01b4,436,703,erd185rvrul963gzrlevs723k47evwzn20kfc3u4tnu8p2pr9pylfg3qywz2sx
COMBOTS-aa4150-01b3,435,220,erd1c7ag50xxcsrw5vtpjgx8d5a957rnck5xdrvr9ah8wgr7j4nv083s8kq3nj
COMBOTS-aa4150-01b2,434,811,erd1wntft3qs5f0zysvhfakdf9tz4hcl9526urh79call8l2y8vx8afqkpmyse
COMBOTS-aa4150-01b1,433,957,erd1g058zeufm39jp6hklkt4sh0m7r9l2d7ad3e3cq5vycqf7w3utjlsz520hv
COMBOTS-aa4150-01b0,432,767,erd1qqqqqqqqqqqqqpgq6wegs2xkypfpync8mn2sa5cmpqjlvrhwz5nqgepyg8
COMBOTS-aa4150-01af,431,196,erd1c7ag50xxcsrw5vtpjgx8d5a957rnck5xdrvr9ah8wgr7j4nv083s8kq3nj
COMBOTS-aa4150-01ae,430,960,erd1x2ahw3yka7ppl6vnva57jplq62f4jsxp24grtkzwxt3t77pntkpq687vyr
COMBOTS-aa4150-01ad,429,643,erd1lt6jezu7v6g758j3nyk8urmk32c2ykhytf6y7dcuqw2hyyu5j2qsnuk4n7
COMBOTS-aa4150-01ac,428,55,erd1wntft3qs5f0zysvhfakdf9tz4hcl9526urh79call8l2y8vx8afqkpmyse
COMBOTS-aa4150-01ab,427,612,erd1wntft3qs5f0zysvhfakdf9tz4hcl9526urh79call8l2y8vx8afqkpmyse
COMBOTS-aa4150-01aa,426,387,erd1mdp73tp9aq00z42806sxdyuh0z5mlfm5sgng6lw220q7kmm0c3fqt3ypvl
COMBOTS-aa4150-01a9,425,432,erd1q7466cw9xqne5fg2kj8jdmmua45l70esfa5rmjnhvvufffydamqqzzz3m7
COMBOTS-aa4150-01a8,424,803,erd1qqqqqqqqqqqqqpgq6wegs2xkypfpync8mn2sa5cmpqjlvrhwz5nqgepyg8
COMBOTS-aa4150-01a7,423,997,erd1qqqqqqqqqqqqqpgq6wegs2xkypfpync8mn2sa5cmpqjlvrhwz5nqgepyg8
COMBOTS-aa4150-01a6,422,695,erd1lt6jezu7v6g758j3nyk8urmk32c2ykhytf6y7dcuqw2hyyu5j2qsnuk4n7
COMBOTS-aa4150-01a5,421,709,erd1qqqqqqqqqqqqqpgq6wegs2xkypfpync8mn2sa5cmpqjlvrhwz5nqgepyg8
COMBOTS-aa4150-01a4,420,342,erd1d70veu5gvlwfdja6c8tespu62neckzmyrvvhn3hwylt43l2uy8tqkzvrzv
COMBOTS-aa4150-01a3,419,30,erd1nlhu9vm64kx7dy0kmyk3yjcmphlvuu07ehfyjsnc6grrt6er4afs4aeqxf
COMBOTS-aa4150-01a2,418,779,erd1w8j0meqp0dxuk67me72hrhdtarx9u3kmwxtjvncp89s720wqvl8sj7lfmd
COMBOTS-aa4150-01a1,417,477,erd1qqqqqqqqqqqqqpgq6wegs2xkypfpync8mn2sa5cmpqjlvrhwz5nqgepyg8
COMBOTS-aa4150-01a0,416,675,erd1q7466cw9xqne5fg2kj8jdmmua45l70esfa5rmjnhvvufffydamqqzzz3m7
COMBOTS-aa4150-019f,415,81,erd1lt6jezu7v6g758j3nyk8urmk32c2ykhytf6y7dcuqw2hyyu5j2qsnuk4n7
COMBOTS-aa4150-019e,414,358,erd1f4dw0ws0rv8kdwhm5s62ywchldr6l0l2gq36s7k7ky4cc0ya0saqnkpwtn
COMBOTS-aa4150-019d,413,921,erd10yqfg9ufrmypkv9ngyc2fd4h60ks7dvwyz9vguzwrdt32aauwjvslr9g3u
COMBOTS-aa4150-019c,412,259,erd19c2zu5jgfpxlxjzmr9mwsk7v80as44e3q8ywyvu3nhlhm935jpgs7eeffy
COMBOTS-aa4150-019b,411,463,erd1qqqqqqqqqqqqqpgq6wegs2xkypfpync8mn2sa5cmpqjlvrhwz5nqgepyg8
COMBOTS-aa4150-019a,410,302,erd10yqfg9ufrmypkv9ngyc2fd4h60ks7dvwyz9vguzwrdt32aauwjvslr9g3u
COMBOTS-aa4150-0199,409,959,erd1xl8m4s53vtjdh67ttxhv0sulzf7ksu5zlqqernx72w4pu5xkhdfswy5gkd
COMBOTS-aa4150-0198,408,355,erd1mg3u5fm0d4rquxpr7hxt096507ze4j4xpngfuweynewc9cphgy8q4y972q
COMBOTS-aa4150-0197,407,162,erd1f6u6elxf5rgql2gu2cvcqv7qyd5zqzhhnkwsg7samxl88pyu3xhsfwf7h8
COMBOTS-aa4150-0196,406,697,erd1u88h2jshqmsnu5l89mglpmcsu3lrkvkg7plhnxd2du5nytc0laqqxx26sg
COMBOTS-aa4150-0195,405,748,erd1lkdwuhctxg3xnmp2wps5sm3e5024jpg8n0umak4zhu3fu2kzv9as9nsj0w
COMBOTS-aa4150-0194,404,756,erd1ln42z8cqh9xf3sqgcqlw8srqxrkhum3df47u96wj6gapdmgtezwqlquzxm
COMBOTS-aa4150-0193,403,111,erd1q7466cw9xqne5fg2kj8jdmmua45l70esfa5rmjnhvvufffydamqqzzz3m7
COMBOTS-aa4150-0192,402,692,erd1f6u6elxf5rgql2gu2cvcqv7qyd5zqzhhnkwsg7samxl88pyu3xhsfwf7h8
COMBOTS-aa4150-0191,401,260,erd1q7466cw9xqne5fg2kj8jdmmua45l70esfa5rmjnhvvufffydamqqzzz3m7
COMBOTS-aa4150-0190,400,318,erd16lqdzh0u0egfec7t9zx7qd2ua6hnkpu5qknmmpjtntj8vlr529wsx27l4m
COMBOTS-aa4150-018f,399,241,erd1wntft3qs5f0zysvhfakdf9tz4hcl9526urh79call8l2y8vx8afqkpmyse
COMBOTS-aa4150-018e,398,263,erd1f2tag0gugcqpshvc9jekughv60ua9nyav2jyqx0cherzjl7svs0s2dl692
COMBOTS-aa4150-018d,397,404,erd12g6qle82zezwuqy5rc676slnnfp0jnu4hrzuzhghl5daypprszjqkkan5s
COMBOTS-aa4150-018c,396,255,erd1vm0g9f78l7ag6xrxql0nnq8jupnjhsjugxsxgk327h6la37gxp0q9kxpy6
COMBOTS-aa4150-018b,395,686,erd1x3nqzfwu88hljtw4px6c6txykmcddpg86e4cwaqjxel6zwn52gcq29ffht
COMBOTS-aa4150-018a,394,41,erd1wntft3qs5f0zysvhfakdf9tz4hcl9526urh79call8l2y8vx8afqkpmyse
COMBOTS-aa4150-0189,393,373,erd1dmmalh3nycjt4v63jedn6530d8xwdh62flgq379v2ay45zm2sw6sa4u3kp
COMBOTS-aa4150-0188,392,638,erd1tyycyldmcckka6qyjdgpnl5huj6uqrala3fxt2ncv7s2csuvgmkqj9mmpa
COMBOTS-aa4150-0187,391,456,erd1mdp73tp9aq00z42806sxdyuh0z5mlfm5sgng6lw220q7kmm0c3fqt3ypvl
COMBOTS-aa4150-0186,390,632,erd10yqfg9ufrmypkv9ngyc2fd4h60ks7dvwyz9vguzwrdt32aauwjvslr9g3u
COMBOTS-aa4150-0185,389,356,erd10yqfg9ufrmypkv9ngyc2fd4h60ks7dvwyz9vguzwrdt32aauwjvslr9g3u
COMBOTS-aa4150-0184,388,794,erd1c7ag50xxcsrw5vtpjgx8d5a957rnck5xdrvr9ah8wgr7j4nv083s8kq3nj
COMBOTS-aa4150-0183,387,799,erd1wntft3qs5f0zysvhfakdf9tz4hcl9526urh79call8l2y8vx8afqkpmyse
COMBOTS-aa4150-0182,386,442,erd1nrqw78ap9azgyhejwpcwvmapj9dcxc5esud47qhtf03p9m4sa3lqrkrz5g
COMBOTS-aa4150-0181,385,204,erd1ajdwv3kexfzf8c49h6gnttgtju7jz2p6efrsvf9eg3rcgk8z9sssuncmdz
COMBOTS-aa4150-0180,384,533,erd1ne6jp45m2k2qdvdjufj97fz8xgsndgesl6ce0fykyzsq9uflz3gq05x989
COMBOTS-aa4150-017f,383,348,erd1x3nqzfwu88hljtw4px6c6txykmcddpg86e4cwaqjxel6zwn52gcq29ffht
COMBOTS-aa4150-017e,382,300,erd1z563juvyfl7etnev8ua65vzhx65ln0rp0m783hq2m2wgdxx6z83s9t2cmv
COMBOTS-aa4150-017d,381,110,erd1lt6jezu7v6g758j3nyk8urmk32c2ykhytf6y7dcuqw2hyyu5j2qsnuk4n7
COMBOTS-aa4150-017c,380,738,erd1mdp73tp9aq00z42806sxdyuh0z5mlfm5sgng6lw220q7kmm0c3fqt3ypvl
COMBOTS-aa4150-017b,379,640,erd173pgmrpt3vxmev0spfjmunw85jra5fysr2v0740k3tke37ywa2vqqu39tw
COMBOTS-aa4150-017a,378,138,erd1nlhu9vm64kx7dy0kmyk3yjcmphlvuu07ehfyjsnc6grrt6er4afs4aeqxf
COMBOTS-aa4150-0179,377,973,erd1qqqqqqqqqqqqqpgq6wegs2xkypfpync8mn2sa5cmpqjlvrhwz5nqgepyg8
COMBOTS-aa4150-0178,376,32,erd17lufzwzgcuxy468evpq9768nesnk8rkrxjzuakws7az26e3eyg3sejznnw
COMBOTS-aa4150-0177,375,768,erd1qqqqqqqqqqqqqpgq6wegs2xkypfpync8mn2sa5cmpqjlvrhwz5nqgepyg8
COMBOTS-aa4150-0176,374,247,erd1aa8wrrerc7dl6v7jpc4jhuamp5swya2hxl86ly8x83llasc9cezq2mvq3w
COMBOTS-aa4150-0175,373,261,erd1qqqqqqqqqqqqqpgq6wegs2xkypfpync8mn2sa5cmpqjlvrhwz5nqgepyg8
COMBOTS-aa4150-0174,372,233,erd1c7ag50xxcsrw5vtpjgx8d5a957rnck5xdrvr9ah8wgr7j4nv083s8kq3nj
COMBOTS-aa4150-0173,371,185,erd1c7ag50xxcsrw5vtpjgx8d5a957rnck5xdrvr9ah8wgr7j4nv083s8kq3nj
COMBOTS-aa4150-0172,370,680,erd1lkdwuhctxg3xnmp2wps5sm3e5024jpg8n0umak4zhu3fu2kzv9as9nsj0w
COMBOTS-aa4150-0171,369,856,erd1ufuczhwrtfjxruuyj4ryx87ap0yudsd78cdfnxarzuttz3wm0ucscjarw8
COMBOTS-aa4150-0170,368,954,erd1u88h2jshqmsnu5l89mglpmcsu3lrkvkg7plhnxd2du5nytc0laqqxx26sg
COMBOTS-aa4150-016f,367,824,erd1vctd5p4wjrrykdjrxp5kqkz5v2c0evevadzk53entctrct0npm0s392ftj
COMBOTS-aa4150-016e,366,195,erd1ne6jp45m2k2qdvdjufj97fz8xgsndgesl6ce0fykyzsq9uflz3gq05x989
COMBOTS-aa4150-016d,365,850,erd1vhqul4766w5wcd66cd0yw9p0z0g9qdwenrkkjugdp2ufh49ll2cqj4gk8f
COMBOTS-aa4150-016c,364,657,erd1q7466cw9xqne5fg2kj8jdmmua45l70esfa5rmjnhvvufffydamqqzzz3m7
COMBOTS-aa4150-016b,363,68,erd1k4umqhapvve4d30nv3p7u4dxcyjmzdnly4thkvx7xn82mzufcjqq76vlqm
COMBOTS-aa4150-016a,362,642,erd10yqfg9ufrmypkv9ngyc2fd4h60ks7dvwyz9vguzwrdt32aauwjvslr9g3u
COMBOTS-aa4150-0169,361,13,erd1c7ag50xxcsrw5vtpjgx8d5a957rnck5xdrvr9ah8wgr7j4nv083s8kq3nj
COMBOTS-aa4150-0168,360,123,erd1q7466cw9xqne5fg2kj8jdmmua45l70esfa5rmjnhvvufffydamqqzzz3m7
COMBOTS-aa4150-0167,359,392,erd10yqfg9ufrmypkv9ngyc2fd4h60ks7dvwyz9vguzwrdt32aauwjvslr9g3u
COMBOTS-aa4150-0166,358,146,erd1f2tag0gugcqpshvc9jekughv60ua9nyav2jyqx0cherzjl7svs0s2dl692
COMBOTS-aa4150-0165,357,25,erd1nlhu9vm64kx7dy0kmyk3yjcmphlvuu07ehfyjsnc6grrt6er4afs4aeqxf
COMBOTS-aa4150-0164,356,454,erd1yr4ynrnd09zx3ngyzazvsrv6aguecklffa4ulge4cnwx4ljf63jqcpv2t2
COMBOTS-aa4150-0163,355,246,erd10yqfg9ufrmypkv9ngyc2fd4h60ks7dvwyz9vguzwrdt32aauwjvslr9g3u
COMBOTS-aa4150-0162,354,544,erd10yqfg9ufrmypkv9ngyc2fd4h60ks7dvwyz9vguzwrdt32aauwjvslr9g3u
COMBOTS-aa4150-0161,353,381,erd1lt6jezu7v6g758j3nyk8urmk32c2ykhytf6y7dcuqw2hyyu5j2qsnuk4n7
COMBOTS-aa4150-0160,352,207,erd1ju5fxhtdmzyr83wjdhuhyht2w0qlgufvewk6kdew5kg6a8wezdgsnnd2ln
COMBOTS-aa4150-015f,351,274,erd1qqqqqqqqqqqqqpgq6wegs2xkypfpync8mn2sa5cmpqjlvrhwz5nqgepyg8
COMBOTS-aa4150-015e,350,140,erd1c7ag50xxcsrw5vtpjgx8d5a957rnck5xdrvr9ah8wgr7j4nv083s8kq3nj
COMBOTS-aa4150-015d,349,558,erd1tyycyldmcckka6qyjdgpnl5huj6uqrala3fxt2ncv7s2csuvgmkqj9mmpa
COMBOTS-aa4150-015c,348,874,erd1s0sh4p7da28pgyc9havcldngmf435ltg5kedfcxw4ud5du76fa5qk9hl2t
COMBOTS-aa4150-015b,347,374,erd1gkn5eppdkrkpyaq852vkgkqudg62qmsfy4nvdyj9w07eed2nmkdq9rgrk5
COMBOTS-aa4150-015a,346,625,erd1w8j0meqp0dxuk67me72hrhdtarx9u3kmwxtjvncp89s720wqvl8sj7lfmd
COMBOTS-aa4150-0159,345,309,erd1k4umqhapvve4d30nv3p7u4dxcyjmzdnly4thkvx7xn82mzufcjqq76vlqm
COMBOTS-aa4150-0158,344,501,erd1ne6jp45m2k2qdvdjufj97fz8xgsndgesl6ce0fykyzsq9uflz3gq05x989
COMBOTS-aa4150-0157,343,671,erd1mg3u5fm0d4rquxpr7hxt096507ze4j4xpngfuweynewc9cphgy8q4y972q
COMBOTS-aa4150-0156,342,745,erd1mg3u5fm0d4rquxpr7hxt096507ze4j4xpngfuweynewc9cphgy8q4y972q
COMBOTS-aa4150-0155,341,171,erd1nlhu9vm64kx7dy0kmyk3yjcmphlvuu07ehfyjsnc6grrt6er4afs4aeqxf
COMBOTS-aa4150-0154,340,684,erd1cea86fk3medytxeyhvwcpx2xtp0j5g8g8snsrnjppphaa9v8ccgqj95gst
COMBOTS-aa4150-0153,339,592,erd1ln42z8cqh9xf3sqgcqlw8srqxrkhum3df47u96wj6gapdmgtezwqlquzxm
COMBOTS-aa4150-0152,338,542,erd1mg3u5fm0d4rquxpr7hxt096507ze4j4xpngfuweynewc9cphgy8q4y972q
COMBOTS-aa4150-0151,337,484,erd1lt6jezu7v6g758j3nyk8urmk32c2ykhytf6y7dcuqw2hyyu5j2qsnuk4n7
COMBOTS-aa4150-0150,336,77,erd1k4umqhapvve4d30nv3p7u4dxcyjmzdnly4thkvx7xn82mzufcjqq76vlqm
COMBOTS-aa4150-014f,335,479,erd1nrqw78ap9azgyhejwpcwvmapj9dcxc5esud47qhtf03p9m4sa3lqrkrz5g
COMBOTS-aa4150-014e,334,974,erd1dmmalh3nycjt4v63jedn6530d8xwdh62flgq379v2ay45zm2sw6sa4u3kp
COMBOTS-aa4150-014d,333,353,erd1mdp73tp9aq00z42806sxdyuh0z5mlfm5sgng6lw220q7kmm0c3fqt3ypvl
COMBOTS-aa4150-014c,332,751,erd1qqqqqqqqqqqqqpgq6wegs2xkypfpync8mn2sa5cmpqjlvrhwz5nqgepyg8
COMBOTS-aa4150-014b,331,66,erd1f4dw0ws0rv8kdwhm5s62ywchldr6l0l2gq36s7k7ky4cc0ya0saqnkpwtn
COMBOTS-aa4150-014a,330,227,erd14jm6swhn9lu4m9634hkvgdhtq4vyaf0dutk9w47ma06vk3yh7t2s9c4ng5
COMBOTS-aa4150-0149,329,636,erd1gkn5eppdkrkpyaq852vkgkqudg62qmsfy4nvdyj9w07eed2nmkdq9rgrk5
COMBOTS-aa4150-0148,328,422,erd1lt6jezu7v6g758j3nyk8urmk32c2ykhytf6y7dcuqw2hyyu5j2qsnuk4n7
COMBOTS-aa4150-0147,327,968,erd19rx7hahlau4f8lu25p5hlzhpatdm8td7ct8dmsxdra0q0mn65q4qjn936l
COMBOTS-aa4150-0146,326,129,erd1c7ag50xxcsrw5vtpjgx8d5a957rnck5xdrvr9ah8wgr7j4nv083s8kq3nj
COMBOTS-aa4150-0145,325,177,erd19c2zu5jgfpxlxjzmr9mwsk7v80as44e3q8ywyvu3nhlhm935jpgs7eeffy
COMBOTS-aa4150-0144,324,602,erd1qqqqqqqqqqqqqpgq6wegs2xkypfpync8mn2sa5cmpqjlvrhwz5nqgepyg8
COMBOTS-aa4150-0143,323,727,erd1qqqqqqqqqqqqqpgq6wegs2xkypfpync8mn2sa5cmpqjlvrhwz5nqgepyg8
COMBOTS-aa4150-0142,322,547,erd1lt6jezu7v6g758j3nyk8urmk32c2ykhytf6y7dcuqw2hyyu5j2qsnuk4n7
COMBOTS-aa4150-0141,321,763,erd1ufuczhwrtfjxruuyj4ryx87ap0yudsd78cdfnxarzuttz3wm0ucscjarw8
COMBOTS-aa4150-0140,320,161,erd1gkn5eppdkrkpyaq852vkgkqudg62qmsfy4nvdyj9w07eed2nmkdq9rgrk5
COMBOTS-aa4150-013f,319,928,erd17cdajuzxcdr4fl4vjrhmduwk5yy2nvxfxdhjvluafnckz8v65y5qdrvgar
COMBOTS-aa4150-013e,318,199,erd1gkn5eppdkrkpyaq852vkgkqudg62qmsfy4nvdyj9w07eed2nmkdq9rgrk5
COMBOTS-aa4150-013d,317,931,erd1lkdwuhctxg3xnmp2wps5sm3e5024jpg8n0umak4zhu3fu2kzv9as9nsj0w
COMBOTS-aa4150-013c,316,911,erd16cg0p6rk2duzg60mwlac8j8qs26qvaxf72h5a57qse29g97z8edqkk9s3t
COMBOTS-aa4150-013b,315,132,erd1f6u6elxf5rgql2gu2cvcqv7qyd5zqzhhnkwsg7samxl88pyu3xhsfwf7h8
COMBOTS-aa4150-013a,314,88,erd1ju5fxhtdmzyr83wjdhuhyht2w0qlgufvewk6kdew5kg6a8wezdgsnnd2ln
COMBOTS-aa4150-0139,313,99,erd1wntft3qs5f0zysvhfakdf9tz4hcl9526urh79call8l2y8vx8afqkpmyse
COMBOTS-aa4150-0138,312,320,erd1lt6jezu7v6g758j3nyk8urmk32c2ykhytf6y7dcuqw2hyyu5j2qsnuk4n7
COMBOTS-aa4150-0137,311,944,erd1w8j0meqp0dxuk67me72hrhdtarx9u3kmwxtjvncp89s720wqvl8sj7lfmd
COMBOTS-aa4150-0136,310,590,erd1ju5fxhtdmzyr83wjdhuhyht2w0qlgufvewk6kdew5kg6a8wezdgsnnd2ln
COMBOTS-aa4150-0135,309,495,erd19c2zu5jgfpxlxjzmr9mwsk7v80as44e3q8ywyvu3nhlhm935jpgs7eeffy
COMBOTS-aa4150-0134,308,439,erd1lkdwuhctxg3xnmp2wps5sm3e5024jpg8n0umak4zhu3fu2kzv9as9nsj0w
COMBOTS-aa4150-0133,307,226,erd1c7ag50xxcsrw5vtpjgx8d5a957rnck5xdrvr9ah8wgr7j4nv083s8kq3nj
COMBOTS-aa4150-0132,306,711,erd1ufuczhwrtfjxruuyj4ryx87ap0yudsd78cdfnxarzuttz3wm0ucscjarw8
COMBOTS-aa4150-0131,305,231,erd14pw007vqfcqa5h6acvxphfu6vkltqvrjkdunw4e7av8ejnw86pnqr8uwwv
COMBOTS-aa4150-0130,304,666,erd1gkn5eppdkrkpyaq852vkgkqudg62qmsfy4nvdyj9w07eed2nmkdq9rgrk5
COMBOTS-aa4150-012f,303,45,erd1gkn5eppdkrkpyaq852vkgkqudg62qmsfy4nvdyj9w07eed2nmkdq9rgrk5
COMBOTS-aa4150-012e,302,774,erd14pw007vqfcqa5h6acvxphfu6vkltqvrjkdunw4e7av8ejnw86pnqr8uwwv
COMBOTS-aa4150-012d,301,749,erd14pw007vqfcqa5h6acvxphfu6vkltqvrjkdunw4e7av8ejnw86pnqr8uwwv
COMBOTS-aa4150-012c,300,304,erd1gkn5eppdkrkpyaq852vkgkqudg62qmsfy4nvdyj9w07eed2nmkdq9rgrk5
COMBOTS-aa4150-012b,299,147,erd1gkn5eppdkrkpyaq852vkgkqudg62qmsfy4nvdyj9w07eed2nmkdq9rgrk5
COMBOTS-aa4150-012a,298,421,erd14pw007vqfcqa5h6acvxphfu6vkltqvrjkdunw4e7av8ejnw86pnqr8uwwv
COMBOTS-aa4150-0129,297,308,erd14pw007vqfcqa5h6acvxphfu6vkltqvrjkdunw4e7av8ejnw86pnqr8uwwv
COMBOTS-aa4150-0128,296,996,erd1579n72wleud0czq5pgtcssrk4qk092nrj5flmk0n3jtgc5ndya6q5aghnq
COMBOTS-aa4150-0127,295,630,erd14pw007vqfcqa5h6acvxphfu6vkltqvrjkdunw4e7av8ejnw86pnqr8uwwv
COMBOTS-aa4150-0126,294,801,erd1qqqqqqqqqqqqqpgql09gq23fw8s5vza9gv4dlfrsrjccnk5prkks880vpj
COMBOTS-aa4150-0125,293,789,erd14pw007vqfcqa5h6acvxphfu6vkltqvrjkdunw4e7av8ejnw86pnqr8uwwv
COMBOTS-aa4150-0124,292,729,erd1lkdwuhctxg3xnmp2wps5sm3e5024jpg8n0umak4zhu3fu2kzv9as9nsj0w
COMBOTS-aa4150-0123,291,571,erd1tyycyldmcckka6qyjdgpnl5huj6uqrala3fxt2ncv7s2csuvgmkqj9mmpa
COMBOTS-aa4150-0122,290,258,erd1gkn5eppdkrkpyaq852vkgkqudg62qmsfy4nvdyj9w07eed2nmkdq9rgrk5
COMBOTS-aa4150-0121,289,44,erd1np3wxmn6vl536xmahpvtcman7mljzg332xx8tpv8gq0k92pus69qhtnygl
COMBOTS-aa4150-0120,288,406,erd1k4umqhapvve4d30nv3p7u4dxcyjmzdnly4thkvx7xn82mzufcjqq76vlqm
COMBOTS-aa4150-011f,287,242,erd1k4umqhapvve4d30nv3p7u4dxcyjmzdnly4thkvx7xn82mzufcjqq76vlqm
COMBOTS-aa4150-011e,286,299,erd1gkn5eppdkrkpyaq852vkgkqudg62qmsfy4nvdyj9w07eed2nmkdq9rgrk5
COMBOTS-aa4150-011d,285,384,erd1f4dw0ws0rv8kdwhm5s62ywchldr6l0l2gq36s7k7ky4cc0ya0saqnkpwtn
COMBOTS-aa4150-011c,284,989,erd1xl8m4s53vtjdh67ttxhv0sulzf7ksu5zlqqernx72w4pu5xkhdfswy5gkd
COMBOTS-aa4150-011b,283,69,erd1f4dw0ws0rv8kdwhm5s62ywchldr6l0l2gq36s7k7ky4cc0ya0saqnkpwtn
COMBOTS-aa4150-011a,282,91,erd1k4umqhapvve4d30nv3p7u4dxcyjmzdnly4thkvx7xn82mzufcjqq76vlqm
COMBOTS-aa4150-0119,281,910,erd1gkn5eppdkrkpyaq852vkgkqudg62qmsfy4nvdyj9w07eed2nmkdq9rgrk5
COMBOTS-aa4150-0118,280,897,erd1g058zeufm39jp6hklkt4sh0m7r9l2d7ad3e3cq5vycqf7w3utjlsz520hv
COMBOTS-aa4150-0117,279,234,erd1c7ag50xxcsrw5vtpjgx8d5a957rnck5xdrvr9ah8wgr7j4nv083s8kq3nj
COMBOTS-aa4150-0116,278,536,erd1yr4ynrnd09zx3ngyzazvsrv6aguecklffa4ulge4cnwx4ljf63jqcpv2t2
COMBOTS-aa4150-0115,277,429,erd1mdp73tp9aq00z42806sxdyuh0z5mlfm5sgng6lw220q7kmm0c3fqt3ypvl
COMBOTS-aa4150-0114,276,955,erd1lkdwuhctxg3xnmp2wps5sm3e5024jpg8n0umak4zhu3fu2kzv9as9nsj0w
COMBOTS-aa4150-0113,275,822,erd19rx7hahlau4f8lu25p5hlzhpatdm8td7ct8dmsxdra0q0mn65q4qjn936l
COMBOTS-aa4150-0112,274,556,erd1yr4ynrnd09zx3ngyzazvsrv6aguecklffa4ulge4cnwx4ljf63jqcpv2t2
COMBOTS-aa4150-0111,273,852,erd1qqqqqqqqqqqqqpgq6wegs2xkypfpync8mn2sa5cmpqjlvrhwz5nqgepyg8
COMBOTS-aa4150-0110,272,476,erd1ju5fxhtdmzyr83wjdhuhyht2w0qlgufvewk6kdew5kg6a8wezdgsnnd2ln
COMBOTS-aa4150-010f,271,243,erd1aa8wrrerc7dl6v7jpc4jhuamp5swya2hxl86ly8x83llasc9cezq2mvq3w
COMBOTS-aa4150-010e,270,687,erd1lkdwuhctxg3xnmp2wps5sm3e5024jpg8n0umak4zhu3fu2kzv9as9nsj0w
COMBOTS-aa4150-010d,269,987,erd1ufuczhwrtfjxruuyj4ryx87ap0yudsd78cdfnxarzuttz3wm0ucscjarw8
COMBOTS-aa4150-010c,268,59,erd1z563juvyfl7etnev8ua65vzhx65ln0rp0m783hq2m2wgdxx6z83s9t2cmv
COMBOTS-aa4150-010b,267,125,erd1k4umqhapvve4d30nv3p7u4dxcyjmzdnly4thkvx7xn82mzufcjqq76vlqm
COMBOTS-aa4150-010a,266,58,erd1azydwvvwd8hwsld4a737ldvnkmxjugxemsxcd8us7swql04une7sfhh57k
COMBOTS-aa4150-0109,265,580,erd134xqgu3npm0jmr3mt9cvujfp2r4m0dn0etxmxucds5t8s0jxmcjq9wah8j
COMBOTS-aa4150-0108,264,15,erd1gkn5eppdkrkpyaq852vkgkqudg62qmsfy4nvdyj9w07eed2nmkdq9rgrk5
COMBOTS-aa4150-0107,263,838,erd1ufuczhwrtfjxruuyj4ryx87ap0yudsd78cdfnxarzuttz3wm0ucscjarw8
COMBOTS-aa4150-0106,262,290,erd1k4umqhapvve4d30nv3p7u4dxcyjmzdnly4thkvx7xn82mzufcjqq76vlqm
COMBOTS-aa4150-0105,261,672,erd1yr4ynrnd09zx3ngyzazvsrv6aguecklffa4ulge4cnwx4ljf63jqcpv2t2
COMBOTS-aa4150-0104,260,514,erd1gkn5eppdkrkpyaq852vkgkqudg62qmsfy4nvdyj9w07eed2nmkdq9rgrk5
COMBOTS-aa4150-0103,259,621,erd1w8j0meqp0dxuk67me72hrhdtarx9u3kmwxtjvncp89s720wqvl8sj7lfmd
COMBOTS-aa4150-0102,258,663,erd19rx7hahlau4f8lu25p5hlzhpatdm8td7ct8dmsxdra0q0mn65q4qjn936l
COMBOTS-aa4150-0101,257,689,erd1yr4ynrnd09zx3ngyzazvsrv6aguecklffa4ulge4cnwx4ljf63jqcpv2t2
COMBOTS-aa4150-0100,256,315,erd1gkn5eppdkrkpyaq852vkgkqudg62qmsfy4nvdyj9w07eed2nmkdq9rgrk5
COMBOTS-aa4150-ff,255,716,erd1mg3u5fm0d4rquxpr7hxt096507ze4j4xpngfuweynewc9cphgy8q4y972q
COMBOTS-aa4150-fe,254,619,erd19c2zu5jgfpxlxjzmr9mwsk7v80as44e3q8ywyvu3nhlhm935jpgs7eeffy
COMBOTS-aa4150-fd,253,867,erd1mdp73tp9aq00z42806sxdyuh0z5mlfm5sgng6lw220q7kmm0c3fqt3ypvl
COMBOTS-aa4150-fc,252,841,erd1xl8m4s53vtjdh67ttxhv0sulzf7ksu5zlqqernx72w4pu5xkhdfswy5gkd
COMBOTS-aa4150-fb,251,232,erd1f4dw0ws0rv8kdwhm5s62ywchldr6l0l2gq36s7k7ky4cc0ya0saqnkpwtn
COMBOTS-aa4150-fa,250,490,erd1akgsswj6wxkkdhcdv0emkt4sdl7hzjjs2lknajnr42wgynyz967q9mc362
COMBOTS-aa4150-f9,249,37,erd1z563juvyfl7etnev8ua65vzhx65ln0rp0m783hq2m2wgdxx6z83s9t2cmv
COMBOTS-aa4150-f8,248,149,erd1f4dw0ws0rv8kdwhm5s62ywchldr6l0l2gq36s7k7ky4cc0ya0saqnkpwtn
COMBOTS-aa4150-f7,247,734,erd1xl8m4s53vtjdh67ttxhv0sulzf7ksu5zlqqernx72w4pu5xkhdfswy5gkd
COMBOTS-aa4150-f6,246,827,erd1xl8m4s53vtjdh67ttxhv0sulzf7ksu5zlqqernx72w4pu5xkhdfswy5gkd
COMBOTS-aa4150-f5,245,329,erd1mg3u5fm0d4rquxpr7hxt096507ze4j4xpngfuweynewc9cphgy8q4y972q
COMBOTS-aa4150-f4,244,122,erd1u88h2jshqmsnu5l89mglpmcsu3lrkvkg7plhnxd2du5nytc0laqqxx26sg
COMBOTS-aa4150-f3,243,742,erd1xl8m4s53vtjdh67ttxhv0sulzf7ksu5zlqqernx72w4pu5xkhdfswy5gkd
COMBOTS-aa4150-f2,242,142,erd1k4umqhapvve4d30nv3p7u4dxcyjmzdnly4thkvx7xn82mzufcjqq76vlqm
COMBOTS-aa4150-f1,241,545,erd14pw007vqfcqa5h6acvxphfu6vkltqvrjkdunw4e7av8ejnw86pnqr8uwwv
COMBOTS-aa4150-f0,240,890,erd1yr4ynrnd09zx3ngyzazvsrv6aguecklffa4ulge4cnwx4ljf63jqcpv2t2
COMBOTS-aa4150-ef,239,174,erd1k4umqhapvve4d30nv3p7u4dxcyjmzdnly4thkvx7xn82mzufcjqq76vlqm
COMBOTS-aa4150-ee,238,117,erd1lt6jezu7v6g758j3nyk8urmk32c2ykhytf6y7dcuqw2hyyu5j2qsnuk4n7
COMBOTS-aa4150-ed,237,108,erd1k4umqhapvve4d30nv3p7u4dxcyjmzdnly4thkvx7xn82mzufcjqq76vlqm
COMBOTS-aa4150-ec,236,154,erd159mypt4myss3mqrs89ft0hjeacffks2690gq9u3mlh73m9sh0w5s09eqhh
COMBOTS-aa4150-eb,235,443,erd1lt6jezu7v6g758j3nyk8urmk32c2ykhytf6y7dcuqw2hyyu5j2qsnuk4n7
COMBOTS-aa4150-ea,234,57,erd1f4dw0ws0rv8kdwhm5s62ywchldr6l0l2gq36s7k7ky4cc0ya0saqnkpwtn
COMBOTS-aa4150-e9,233,641,erd1nck3v0qp4phgpra8sa0wx7xg333dktarx8hne089ndaxaf3zks2ql0xqa2
COMBOTS-aa4150-e8,232,762,erd1xl8m4s53vtjdh67ttxhv0sulzf7ksu5zlqqernx72w4pu5xkhdfswy5gkd
COMBOTS-aa4150-e7,231,562,erd1djcd3pch6tenlk07gjl58phq7yup5eqvp3s7qqatwqsf76fkqc7q2na63g
COMBOTS-aa4150-e6,230,19,erd1wntft3qs5f0zysvhfakdf9tz4hcl9526urh79call8l2y8vx8afqkpmyse
COMBOTS-aa4150-e5,229,858,erd1c7ag50xxcsrw5vtpjgx8d5a957rnck5xdrvr9ah8wgr7j4nv083s8kq3nj
COMBOTS-aa4150-e4,228,210,erd1np3wxmn6vl536xmahpvtcman7mljzg332xx8tpv8gq0k92pus69qhtnygl
COMBOTS-aa4150-e3,227,74,erd1f2tag0gugcqpshvc9jekughv60ua9nyav2jyqx0cherzjl7svs0s2dl692
COMBOTS-aa4150-e2,226,214,erd1f4dw0ws0rv8kdwhm5s62ywchldr6l0l2gq36s7k7ky4cc0ya0saqnkpwtn
COMBOTS-aa4150-e1,225,549,erd1nrqw78ap9azgyhejwpcwvmapj9dcxc5esud47qhtf03p9m4sa3lqrkrz5g
COMBOTS-aa4150-e0,224,40,erd1gtzm2pfszxh572a7mmphdrhdag84saasvv27etmlqpagxutg60ps0yezqx
COMBOTS-aa4150-df,223,23,erd1nrqw78ap9azgyhejwpcwvmapj9dcxc5esud47qhtf03p9m4sa3lqrkrz5g
COMBOTS-aa4150-de,222,448,erd1lt6jezu7v6g758j3nyk8urmk32c2ykhytf6y7dcuqw2hyyu5j2qsnuk4n7
COMBOTS-aa4150-dd,221,793,erd1xl8m4s53vtjdh67ttxhv0sulzf7ksu5zlqqernx72w4pu5xkhdfswy5gkd
COMBOTS-aa4150-dc,220,569,erd1x2ahw3yka7ppl6vnva57jplq62f4jsxp24grtkzwxt3t77pntkpq687vyr
COMBOTS-aa4150-db,219,319,erd1hjztgc8gley6m2rdhtg6h4yf2nt4wuhw59ljmgsqgcvnxrvgc8hq52pnfh
COMBOTS-aa4150-da,218,335,erd1ne6jp45m2k2qdvdjufj97fz8xgsndgesl6ce0fykyzsq9uflz3gq05x989
COMBOTS-aa4150-d9,217,462,erd1c7ag50xxcsrw5vtpjgx8d5a957rnck5xdrvr9ah8wgr7j4nv083s8kq3nj
COMBOTS-aa4150-d8,216,520,erd1mdp73tp9aq00z42806sxdyuh0z5mlfm5sgng6lw220q7kmm0c3fqt3ypvl
COMBOTS-aa4150-d7,215,862,erd1wntft3qs5f0zysvhfakdf9tz4hcl9526urh79call8l2y8vx8afqkpmyse
COMBOTS-aa4150-d6,214,211,erd1wntft3qs5f0zysvhfakdf9tz4hcl9526urh79call8l2y8vx8afqkpmyse
COMBOTS-aa4150-d5,213,713,erd1qqqqqqqqqqqqqpgq6wegs2xkypfpync8mn2sa5cmpqjlvrhwz5nqgepyg8
COMBOTS-aa4150-d4,212,485,erd1tyycyldmcckka6qyjdgpnl5huj6uqrala3fxt2ncv7s2csuvgmkqj9mmpa
COMBOTS-aa4150-d3,211,494,erd1x3nqzfwu88hljtw4px6c6txykmcddpg86e4cwaqjxel6zwn52gcq29ffht
COMBOTS-aa4150-d2,210,236,erd14jm6swhn9lu4m9634hkvgdhtq4vyaf0dutk9w47ma06vk3yh7t2s9c4ng5
COMBOTS-aa4150-d1,209,408,erd1mg3u5fm0d4rquxpr7hxt096507ze4j4xpngfuweynewc9cphgy8q4y972q
COMBOTS-aa4150-d0,208,513,erd1wntft3qs5f0zysvhfakdf9tz4hcl9526urh79call8l2y8vx8afqkpmyse
COMBOTS-aa4150-cf,207,271,erd1wntft3qs5f0zysvhfakdf9tz4hcl9526urh79call8l2y8vx8afqkpmyse
COMBOTS-aa4150-ce,206,929,erd1nck3v0qp4phgpra8sa0wx7xg333dktarx8hne089ndaxaf3zks2ql0xqa2
COMBOTS-aa4150-cd,205,983,erd1kqunvggm0qacv4fa6ypj5m364mmhf4wtueeejn7lw0dqdemvc5yshhkp4a
COMBOTS-aa4150-cc,204,565,erd1wntft3qs5f0zysvhfakdf9tz4hcl9526urh79call8l2y8vx8afqkpmyse
COMBOTS-aa4150-cb,203,363,erd10yqfg9ufrmypkv9ngyc2fd4h60ks7dvwyz9vguzwrdt32aauwjvslr9g3u
COMBOTS-aa4150-ca,202,870,erd1qqqqqqqqqqqqqpgq6wegs2xkypfpync8mn2sa5cmpqjlvrhwz5nqgepyg8
COMBOTS-aa4150-c9,201,919,erd1xl8m4s53vtjdh67ttxhv0sulzf7ksu5zlqqernx72w4pu5xkhdfswy5gkd
COMBOTS-aa4150-c8,200,755,erd18cesq9rs8dxf9h2zh9qp0myycf5739mlynfur47grmt6puy3eteqtka6xa
COMBOTS-aa4150-c7,199,813,erd1mdp73tp9aq00z42806sxdyuh0z5mlfm5sgng6lw220q7kmm0c3fqt3ypvl
COMBOTS-aa4150-c6,198,106,erd1u88h2jshqmsnu5l89mglpmcsu3lrkvkg7plhnxd2du5nytc0laqqxx26sg
COMBOTS-aa4150-c5,197,53,erd1z563juvyfl7etnev8ua65vzhx65ln0rp0m783hq2m2wgdxx6z83s9t2cmv
COMBOTS-aa4150-c4,196,235,erd1aa8wrrerc7dl6v7jpc4jhuamp5swya2hxl86ly8x83llasc9cezq2mvq3w
COMBOTS-aa4150-c3,195,845,erd1xl8m4s53vtjdh67ttxhv0sulzf7ksu5zlqqernx72w4pu5xkhdfswy5gkd
COMBOTS-aa4150-c2,194,712,erd1mg3u5fm0d4rquxpr7hxt096507ze4j4xpngfuweynewc9cphgy8q4y972q
COMBOTS-aa4150-c1,193,915,erd1g058zeufm39jp6hklkt4sh0m7r9l2d7ad3e3cq5vycqf7w3utjlsz520hv
COMBOTS-aa4150-c0,192,217,erd1f4dw0ws0rv8kdwhm5s62ywchldr6l0l2gq36s7k7ky4cc0ya0saqnkpwtn
COMBOTS-aa4150-bf,191,504,erd1lkdwuhctxg3xnmp2wps5sm3e5024jpg8n0umak4zhu3fu2kzv9as9nsj0w
COMBOTS-aa4150-be,190,905,erd19c2zu5jgfpxlxjzmr9mwsk7v80as44e3q8ywyvu3nhlhm935jpgs7eeffy
COMBOTS-aa4150-bd,189,555,erd1mdp73tp9aq00z42806sxdyuh0z5mlfm5sgng6lw220q7kmm0c3fqt3ypvl
COMBOTS-aa4150-bc,188,352,erd1f4dw0ws0rv8kdwhm5s62ywchldr6l0l2gq36s7k7ky4cc0ya0saqnkpwtn
COMBOTS-aa4150-bb,187,963,erd19rx7hahlau4f8lu25p5hlzhpatdm8td7ct8dmsxdra0q0mn65q4qjn936l
COMBOTS-aa4150-ba,186,728,erd18cesq9rs8dxf9h2zh9qp0myycf5739mlynfur47grmt6puy3eteqtka6xa
COMBOTS-aa4150-b9,185,880,erd1yr4ynrnd09zx3ngyzazvsrv6aguecklffa4ulge4cnwx4ljf63jqcpv2t2
COMBOTS-aa4150-b8,184,531,erd1wntft3qs5f0zysvhfakdf9tz4hcl9526urh79call8l2y8vx8afqkpmyse
COMBOTS-aa4150-b7,183,982,erd1w8j0meqp0dxuk67me72hrhdtarx9u3kmwxtjvncp89s720wqvl8sj7lfmd
COMBOTS-aa4150-b6,182,418,erd1k4umqhapvve4d30nv3p7u4dxcyjmzdnly4thkvx7xn82mzufcjqq76vlqm
COMBOTS-aa4150-b5,181,347,erd1nck3v0qp4phgpra8sa0wx7xg333dktarx8hne089ndaxaf3zks2ql0xqa2
COMBOTS-aa4150-b4,180,677,erd1mg3u5fm0d4rquxpr7hxt096507ze4j4xpngfuweynewc9cphgy8q4y972q
COMBOTS-aa4150-b3,179,390,erd14pw007vqfcqa5h6acvxphfu6vkltqvrjkdunw4e7av8ejnw86pnqr8uwwv
COMBOTS-aa4150-b2,178,24,erd1gtzm2pfszxh572a7mmphdrhdag84saasvv27etmlqpagxutg60ps0yezqx
COMBOTS-aa4150-b1,177,486,erd1k4umqhapvve4d30nv3p7u4dxcyjmzdnly4thkvx7xn82mzufcjqq76vlqm
COMBOTS-aa4150-b0,176,553,erd1lt6jezu7v6g758j3nyk8urmk32c2ykhytf6y7dcuqw2hyyu5j2qsnuk4n7
COMBOTS-aa4150-af,175,842,erd1xl8m4s53vtjdh67ttxhv0sulzf7ksu5zlqqernx72w4pu5xkhdfswy5gkd
COMBOTS-aa4150-ae,174,201,erd1mdp73tp9aq00z42806sxdyuh0z5mlfm5sgng6lw220q7kmm0c3fqt3ypvl
COMBOTS-aa4150-ad,173,916,erd1xl8m4s53vtjdh67ttxhv0sulzf7ksu5zlqqernx72w4pu5xkhdfswy5gkd
COMBOTS-aa4150-ac,172,579,erd14pw007vqfcqa5h6acvxphfu6vkltqvrjkdunw4e7av8ejnw86pnqr8uwwv
COMBOTS-aa4150-ab,171,474,erd1lt6jezu7v6g758j3nyk8urmk32c2ykhytf6y7dcuqw2hyyu5j2qsnuk4n7
COMBOTS-aa4150-aa,170,397,erd1mdp73tp9aq00z42806sxdyuh0z5mlfm5sgng6lw220q7kmm0c3fqt3ypvl
COMBOTS-aa4150-a9,169,510,erd1x3nqzfwu88hljtw4px6c6txykmcddpg86e4cwaqjxel6zwn52gcq29ffht
COMBOTS-aa4150-a8,168,522,erd1yr4ynrnd09zx3ngyzazvsrv6aguecklffa4ulge4cnwx4ljf63jqcpv2t2
COMBOTS-aa4150-a7,167,515,erd1f4dw0ws0rv8kdwhm5s62ywchldr6l0l2gq36s7k7ky4cc0ya0saqnkpwtn
COMBOTS-aa4150-a6,166,866,erd1nrqw78ap9azgyhejwpcwvmapj9dcxc5esud47qhtf03p9m4sa3lqrkrz5g
COMBOTS-aa4150-a5,165,817,erd1ctm4jnvl4hva6kxn3wj8wg2rpw8sml4xugwkl0jk7dvddhrqsnzqnvh4pr
COMBOTS-aa4150-a4,164,121,erd1lt6jezu7v6g758j3nyk8urmk32c2ykhytf6y7dcuqw2hyyu5j2qsnuk4n7
COMBOTS-aa4150-a3,163,245,erd1f4dw0ws0rv8kdwhm5s62ywchldr6l0l2gq36s7k7ky4cc0ya0saqnkpwtn
COMBOTS-aa4150-a2,162,945,erd1w8j0meqp0dxuk67me72hrhdtarx9u3kmwxtjvncp89s720wqvl8sj7lfmd
COMBOTS-aa4150-a1,161,240,erd14pw007vqfcqa5h6acvxphfu6vkltqvrjkdunw4e7av8ejnw86pnqr8uwwv
COMBOTS-aa4150-a0,160,159,erd1k4umqhapvve4d30nv3p7u4dxcyjmzdnly4thkvx7xn82mzufcjqq76vlqm
COMBOTS-aa4150-9f,159,655,erd1wntft3qs5f0zysvhfakdf9tz4hcl9526urh79call8l2y8vx8afqkpmyse
COMBOTS-aa4150-9e,158,470,erd1lt6jezu7v6g758j3nyk8urmk32c2ykhytf6y7dcuqw2hyyu5j2qsnuk4n7
COMBOTS-aa4150-9d,157,224,erd1k4umqhapvve4d30nv3p7u4dxcyjmzdnly4thkvx7xn82mzufcjqq76vlqm
COMBOTS-aa4150-9c,156,450,erd14pw007vqfcqa5h6acvxphfu6vkltqvrjkdunw4e7av8ejnw86pnqr8uwwv
COMBOTS-aa4150-9b,155,191,erd14jm6swhn9lu4m9634hkvgdhtq4vyaf0dutk9w47ma06vk3yh7t2s9c4ng5
COMBOTS-aa4150-9a,154,212,erd1z563juvyfl7etnev8ua65vzhx65ln0rp0m783hq2m2wgdxx6z83s9t2cmv
COMBOTS-aa4150-99,153,883,erd1xl8m4s53vtjdh67ttxhv0sulzf7ksu5zlqqernx72w4pu5xkhdfswy5gkd
COMBOTS-aa4150-98,152,298,erd1k4umqhapvve4d30nv3p7u4dxcyjmzdnly4thkvx7xn82mzufcjqq76vlqm
COMBOTS-aa4150-97,151,311,erd1k4umqhapvve4d30nv3p7u4dxcyjmzdnly4thkvx7xn82mzufcjqq76vlqm
COMBOTS-aa4150-96,150,61,erd1lt6jezu7v6g758j3nyk8urmk32c2ykhytf6y7dcuqw2hyyu5j2qsnuk4n7
COMBOTS-aa4150-95,149,927,erd1u88h2jshqmsnu5l89mglpmcsu3lrkvkg7plhnxd2du5nytc0laqqxx26sg
COMBOTS-aa4150-94,148,349,erd1k4umqhapvve4d30nv3p7u4dxcyjmzdnly4thkvx7xn82mzufcjqq76vlqm
COMBOTS-aa4150-93,147,83,erd1k4umqhapvve4d30nv3p7u4dxcyjmzdnly4thkvx7xn82mzufcjqq76vlqm
COMBOTS-aa4150-92,146,898,erd1wm9pf2s8803ytfe5adkcu26y4y9n7ptzm6n6mv8auryu4zpuvxwsa7r0qw
COMBOTS-aa4150-91,145,327,erd1mg3u5fm0d4rquxpr7hxt096507ze4j4xpngfuweynewc9cphgy8q4y972q
COMBOTS-aa4150-90,144,679,erd1wntft3qs5f0zysvhfakdf9tz4hcl9526urh79call8l2y8vx8afqkpmyse
COMBOTS-aa4150-8f,143,153,erd159mypt4myss3mqrs89ft0hjeacffks2690gq9u3mlh73m9sh0w5s09eqhh
COMBOTS-aa4150-8e,142,152,erd14jm6swhn9lu4m9634hkvgdhtq4vyaf0dutk9w47ma06vk3yh7t2s9c4ng5
COMBOTS-aa4150-8d,141,279,erd1k4umqhapvve4d30nv3p7u4dxcyjmzdnly4thkvx7xn82mzufcjqq76vlqm
COMBOTS-aa4150-8c,140,143,erd1f2tag0gugcqpshvc9jekughv60ua9nyav2jyqx0cherzjl7svs0s2dl692
COMBOTS-aa4150-8b,139,202,erd1x3nqzfwu88hljtw4px6c6txykmcddpg86e4cwaqjxel6zwn52gcq29ffht
COMBOTS-aa4150-8a,138,564,erd1w8j0meqp0dxuk67me72hrhdtarx9u3kmwxtjvncp89s720wqvl8sj7lfmd
COMBOTS-aa4150-89,137,631,erd14pw007vqfcqa5h6acvxphfu6vkltqvrjkdunw4e7av8ejnw86pnqr8uwwv
COMBOTS-aa4150-88,136,975,erd1nrqw78ap9azgyhejwpcwvmapj9dcxc5esud47qhtf03p9m4sa3lqrkrz5g
COMBOTS-aa4150-87,135,807,erd1mg3u5fm0d4rquxpr7hxt096507ze4j4xpngfuweynewc9cphgy8q4y972q
COMBOTS-aa4150-86,134,678,erd19rx7hahlau4f8lu25p5hlzhpatdm8td7ct8dmsxdra0q0mn65q4qjn936l
COMBOTS-aa4150-85,133,410,erd1nrqw78ap9azgyhejwpcwvmapj9dcxc5esud47qhtf03p9m4sa3lqrkrz5g
COMBOTS-aa4150-84,132,843,erd19rx7hahlau4f8lu25p5hlzhpatdm8td7ct8dmsxdra0q0mn65q4qjn936l
COMBOTS-aa4150-83,131,776,erd1j7p5ug6xd74ggv9mej8ezak30ulyqpzxjfk4axnw09qstpural5s4l5lx9
COMBOTS-aa4150-82,130,585,erd1h272kcj42gx3ljtqe2eu7rejxv7j2cevr4pktz3yjdm6pdtngmjspysj9k
COMBOTS-aa4150-81,129,403,erd1f4dw0ws0rv8kdwhm5s62ywchldr6l0l2gq36s7k7ky4cc0ya0saqnkpwtn
COMBOTS-aa4150-80,128,273,erd1hmhmv56utql5gfn5wgvy0glyvegpkzcrpcgfg7dm2p4nneg877sske2czj
COMBOTS-aa4150-7f,127,932,erd1yr4ynrnd09zx3ngyzazvsrv6aguecklffa4ulge4cnwx4ljf63jqcpv2t2
COMBOTS-aa4150-7e,126,62,erd1aa8wrrerc7dl6v7jpc4jhuamp5swya2hxl86ly8x83llasc9cezq2mvq3w
COMBOTS-aa4150-7d,125,423,erd1ajdwv3kexfzf8c49h6gnttgtju7jz2p6efrsvf9eg3rcgk8z9sssuncmdz
COMBOTS-aa4150-7c,124,651,erd1uvn7nvq485aythttfk4yw782shqey68tak37ksdf8p2ta7v7sqes0k354r
COMBOTS-aa4150-7b,123,770,erd1w8j0meqp0dxuk67me72hrhdtarx9u3kmwxtjvncp89s720wqvl8sj7lfmd
COMBOTS-aa4150-7a,122,828,erd1w8j0meqp0dxuk67me72hrhdtarx9u3kmwxtjvncp89s720wqvl8sj7lfmd
COMBOTS-aa4150-79,121,28,erd1mmsfpnyfngtmahdfwh7nhxzfda358fsds80wazmvku5mwx8zg99spxd6t2
COMBOTS-aa4150-78,120,605,erd1w8j0meqp0dxuk67me72hrhdtarx9u3kmwxtjvncp89s720wqvl8sj7lfmd
COMBOTS-aa4150-77,119,834,erd1mg3u5fm0d4rquxpr7hxt096507ze4j4xpngfuweynewc9cphgy8q4y972q
COMBOTS-aa4150-76,118,86,erd1aa8wrrerc7dl6v7jpc4jhuamp5swya2hxl86ly8x83llasc9cezq2mvq3w
COMBOTS-aa4150-75,117,145,erd14xuxddjf3f2jcp5x8dv334d0dls6tqamjj8u0q7xpfhza9s5j9uqhrx8z9
COMBOTS-aa4150-74,116,487,erd1mdp73tp9aq00z42806sxdyuh0z5mlfm5sgng6lw220q7kmm0c3fqt3ypvl
COMBOTS-aa4150-73,115,163,erd1k4umqhapvve4d30nv3p7u4dxcyjmzdnly4thkvx7xn82mzufcjqq76vlqm
COMBOTS-aa4150-72,114,118,erd1z563juvyfl7etnev8ua65vzhx65ln0rp0m783hq2m2wgdxx6z83s9t2cmv
COMBOTS-aa4150-71,113,886,erd1xl8m4s53vtjdh67ttxhv0sulzf7ksu5zlqqernx72w4pu5xkhdfswy5gkd
COMBOTS-aa4150-70,112,79,erd1gtzm2pfszxh572a7mmphdrhdag84saasvv27etmlqpagxutg60ps0yezqx
COMBOTS-aa4150-6f,111,489,erd1nrqw78ap9azgyhejwpcwvmapj9dcxc5esud47qhtf03p9m4sa3lqrkrz5g
COMBOTS-aa4150-6e,110,75,erd1aa8wrrerc7dl6v7jpc4jhuamp5swya2hxl86ly8x83llasc9cezq2mvq3w
COMBOTS-aa4150-6d,109,166,erd1x2ahw3yka7ppl6vnva57jplq62f4jsxp24grtkzwxt3t77pntkpq687vyr
COMBOTS-aa4150-6c,108,95,erd1f4dw0ws0rv8kdwhm5s62ywchldr6l0l2gq36s7k7ky4cc0ya0saqnkpwtn
COMBOTS-aa4150-6b,107,63,erd1aa8wrrerc7dl6v7jpc4jhuamp5swya2hxl86ly8x83llasc9cezq2mvq3w
COMBOTS-aa4150-6a,106,34,erd1tyycyldmcckka6qyjdgpnl5huj6uqrala3fxt2ncv7s2csuvgmkqj9mmpa
COMBOTS-aa4150-69,105,47,erd14dhg45peqmz6w38q969s8wy53f22fpahvkhcgfpcqlmnenc0na8quh92ju
COMBOTS-aa4150-68,104,596,erd1djcd3pch6tenlk07gjl58phq7yup5eqvp3s7qqatwqsf76fkqc7q2na63g
COMBOTS-aa4150-67,103,831,erd1mdp73tp9aq00z42806sxdyuh0z5mlfm5sgng6lw220q7kmm0c3fqt3ypvl
COMBOTS-aa4150-66,102,228,erd1wntft3qs5f0zysvhfakdf9tz4hcl9526urh79call8l2y8vx8afqkpmyse
COMBOTS-aa4150-65,101,810,erd1j7p5ug6xd74ggv9mej8ezak30ulyqpzxjfk4axnw09qstpural5s4l5lx9
COMBOTS-aa4150-64,100,908,erd1qqqqqqqqqqqqqpgq6wegs2xkypfpync8mn2sa5cmpqjlvrhwz5nqgepyg8
COMBOTS-aa4150-63,99,582,erd1tyycyldmcckka6qyjdgpnl5huj6uqrala3fxt2ncv7s2csuvgmkqj9mmpa
COMBOTS-aa4150-62,98,777,erd1w8j0meqp0dxuk67me72hrhdtarx9u3kmwxtjvncp89s720wqvl8sj7lfmd
COMBOTS-aa4150-61,97,836,erd1lkdwuhctxg3xnmp2wps5sm3e5024jpg8n0umak4zhu3fu2kzv9as9nsj0w
COMBOTS-aa4150-60,96,509,erd14pw007vqfcqa5h6acvxphfu6vkltqvrjkdunw4e7av8ejnw86pnqr8uwwv
COMBOTS-aa4150-5f,95,131,erd1x3nqzfwu88hljtw4px6c6txykmcddpg86e4cwaqjxel6zwn52gcq29ffht
COMBOTS-aa4150-5e,94,723,erd1tyycyldmcckka6qyjdgpnl5huj6uqrala3fxt2ncv7s2csuvgmkqj9mmpa
COMBOTS-aa4150-5d,93,90,erd1gtzm2pfszxh572a7mmphdrhdag84saasvv27etmlqpagxutg60ps0yezqx
COMBOTS-aa4150-5c,92,322,erd14pw007vqfcqa5h6acvxphfu6vkltqvrjkdunw4e7av8ejnw86pnqr8uwwv
COMBOTS-aa4150-5b,91,378,erd1lt6jezu7v6g758j3nyk8urmk32c2ykhytf6y7dcuqw2hyyu5j2qsnuk4n7
COMBOTS-aa4150-5a,90,574,erd1lt6jezu7v6g758j3nyk8urmk32c2ykhytf6y7dcuqw2hyyu5j2qsnuk4n7
COMBOTS-aa4150-59,89,134,erd1np3wxmn6vl536xmahpvtcman7mljzg332xx8tpv8gq0k92pus69qhtnygl
COMBOTS-aa4150-58,88,72,erd14xuxddjf3f2jcp5x8dv334d0dls6tqamjj8u0q7xpfhza9s5j9uqhrx8z9
COMBOTS-aa4150-57,87,881,erd14pw007vqfcqa5h6acvxphfu6vkltqvrjkdunw4e7av8ejnw86pnqr8uwwv
COMBOTS-aa4150-56,86,437,erd1nrqw78ap9azgyhejwpcwvmapj9dcxc5esud47qhtf03p9m4sa3lqrkrz5g
COMBOTS-aa4150-55,85,823,erd1lkdwuhctxg3xnmp2wps5sm3e5024jpg8n0umak4zhu3fu2kzv9as9nsj0w
COMBOTS-aa4150-54,84,198,erd1f4dw0ws0rv8kdwhm5s62ywchldr6l0l2gq36s7k7ky4cc0ya0saqnkpwtn
COMBOTS-aa4150-53,83,971,erd1xl8m4s53vtjdh67ttxhv0sulzf7ksu5zlqqernx72w4pu5xkhdfswy5gkd
COMBOTS-aa4150-52,82,483,erd1k4umqhapvve4d30nv3p7u4dxcyjmzdnly4thkvx7xn82mzufcjqq76vlqm
COMBOTS-aa4150-51,81,473,erd1x3nqzfwu88hljtw4px6c6txykmcddpg86e4cwaqjxel6zwn52gcq29ffht
COMBOTS-aa4150-50,80,186,erd1qqqqqqqqqqqqqpgq6wegs2xkypfpync8mn2sa5cmpqjlvrhwz5nqgepyg8
COMBOTS-aa4150-4f,79,346,erd1mdp73tp9aq00z42806sxdyuh0z5mlfm5sgng6lw220q7kmm0c3fqt3ypvl
COMBOTS-aa4150-4e,78,283,erd1qqqqqqqqqqqqqpgq6wegs2xkypfpync8mn2sa5cmpqjlvrhwz5nqgepyg8
COMBOTS-aa4150-4d,77,876,erd19rx7hahlau4f8lu25p5hlzhpatdm8td7ct8dmsxdra0q0mn65q4qjn936l
COMBOTS-aa4150-4c,76,184,erd14jm6swhn9lu4m9634hkvgdhtq4vyaf0dutk9w47ma06vk3yh7t2s9c4ng5
COMBOTS-aa4150-4b,75,49,erd1gtzm2pfszxh572a7mmphdrhdag84saasvv27etmlqpagxutg60ps0yezqx
COMBOTS-aa4150-4a,74,51,erd1azydwvvwd8hwsld4a737ldvnkmxjugxemsxcd8us7swql04une7sfhh57k
COMBOTS-aa4150-49,73,855,erd1ly2ztms3f0dr90z32cwzzhxgdfzjg9k5g3m3yzt4mvmt6aegxrdsa7rru3
COMBOTS-aa4150-48,72,584,erd1c7ag50xxcsrw5vtpjgx8d5a957rnck5xdrvr9ah8wgr7j4nv083s8kq3nj
COMBOTS-aa4150-47,71,480,erd1mg3u5fm0d4rquxpr7hxt096507ze4j4xpngfuweynewc9cphgy8q4y972q
COMBOTS-aa4150-46,70,97,erd1ne6jp45m2k2qdvdjufj97fz8xgsndgesl6ce0fykyzsq9uflz3gq05x989
COMBOTS-aa4150-45,69,93,erd1gtzm2pfszxh572a7mmphdrhdag84saasvv27etmlqpagxutg60ps0yezqx
COMBOTS-aa4150-44,68,787,erd1mg3u5fm0d4rquxpr7hxt096507ze4j4xpngfuweynewc9cphgy8q4y972q
COMBOTS-aa4150-43,67,289,erd1k4umqhapvve4d30nv3p7u4dxcyjmzdnly4thkvx7xn82mzufcjqq76vlqm
COMBOTS-aa4150-42,66,647,erd1qqqqqqqqqqqqqpgq6wegs2xkypfpync8mn2sa5cmpqjlvrhwz5nqgepyg8
COMBOTS-aa4150-41,65,357,erd1f4dw0ws0rv8kdwhm5s62ywchldr6l0l2gq36s7k7ky4cc0ya0saqnkpwtn
COMBOTS-aa4150-40,64,693,erd1yr4ynrnd09zx3ngyzazvsrv6aguecklffa4ulge4cnwx4ljf63jqcpv2t2
COMBOTS-aa4150-3f,63,753,erd14xuxddjf3f2jcp5x8dv334d0dls6tqamjj8u0q7xpfhza9s5j9uqhrx8z9
COMBOTS-aa4150-3e,62,750,erd1vyts9yz6tgrs8htn4fs48cdla57lwfuraj454xkmc6yu0c4x6yss88n3tl
COMBOTS-aa4150-3d,61,610,erd14dhg45peqmz6w38q969s8wy53f22fpahvkhcgfpcqlmnenc0na8quh92ju
COMBOTS-aa4150-3c,60,466,erd1q4cywc9nmfapprvuqhwy9nsdg9m52dgqg8xph927g8uw4qzej93qknpafl
COMBOTS-aa4150-3b,59,559,erd1uvuphpyjz3y2cdk5e6rs2tllvzsaxqy2leyl6fx3s70erh8rl5tsdkmegg
COMBOTS-aa4150-3a,58,561,erd1x2ahw3yka7ppl6vnva57jplq62f4jsxp24grtkzwxt3t77pntkpq687vyr
COMBOTS-aa4150-39,57,460,erd1w8j0meqp0dxuk67me72hrhdtarx9u3kmwxtjvncp89s720wqvl8sj7lfmd
COMBOTS-aa4150-38,56,781,erd1x2ahw3yka7ppl6vnva57jplq62f4jsxp24grtkzwxt3t77pntkpq687vyr
COMBOTS-aa4150-37,55,303,erd1ne6jp45m2k2qdvdjufj97fz8xgsndgesl6ce0fykyzsq9uflz3gq05x989
COMBOTS-aa4150-36,54,222,erd1nrqw78ap9azgyhejwpcwvmapj9dcxc5esud47qhtf03p9m4sa3lqrkrz5g
COMBOTS-aa4150-35,53,591,erd1f48rayfnkqn48yjkm2macdgl7gpveq2359jayuez6fm2rc2ppekqwx9r4z
COMBOTS-aa4150-34,52,137,erd1f4dw0ws0rv8kdwhm5s62ywchldr6l0l2gq36s7k7ky4cc0ya0saqnkpwtn
COMBOTS-aa4150-33,51,656,erd1x2ahw3yka7ppl6vnva57jplq62f4jsxp24grtkzwxt3t77pntkpq687vyr
COMBOTS-aa4150-32,50,766,erd1c7ag50xxcsrw5vtpjgx8d5a957rnck5xdrvr9ah8wgr7j4nv083s8kq3nj
COMBOTS-aa4150-31,49,148,erd1z563juvyfl7etnev8ua65vzhx65ln0rp0m783hq2m2wgdxx6z83s9t2cmv
COMBOTS-aa4150-30,48,627,erd1np3wxmn6vl536xmahpvtcman7mljzg332xx8tpv8gq0k92pus69qhtnygl
COMBOTS-aa4150-2f,47,785,erd1c7ag50xxcsrw5vtpjgx8d5a957rnck5xdrvr9ah8wgr7j4nv083s8kq3nj
COMBOTS-aa4150-2e,46,938,erd1mdp73tp9aq00z42806sxdyuh0z5mlfm5sgng6lw220q7kmm0c3fqt3ypvl
COMBOTS-aa4150-2d,45,354,erd14pw007vqfcqa5h6acvxphfu6vkltqvrjkdunw4e7av8ejnw86pnqr8uwwv
COMBOTS-aa4150-2c,44,956,erd18cesq9rs8dxf9h2zh9qp0myycf5739mlynfur47grmt6puy3eteqtka6xa
COMBOTS-aa4150-2b,43,326,erd1yr4ynrnd09zx3ngyzazvsrv6aguecklffa4ulge4cnwx4ljf63jqcpv2t2
COMBOTS-aa4150-2a,42,402,erd1wntft3qs5f0zysvhfakdf9tz4hcl9526urh79call8l2y8vx8afqkpmyse
COMBOTS-aa4150-29,41,976,erd1qqqqqqqqqqqqqpgq6wegs2xkypfpync8mn2sa5cmpqjlvrhwz5nqgepyg8
COMBOTS-aa4150-28,40,715,erd1xl8m4s53vtjdh67ttxhv0sulzf7ksu5zlqqernx72w4pu5xkhdfswy5gkd
COMBOTS-aa4150-27,39,899,erd14pw007vqfcqa5h6acvxphfu6vkltqvrjkdunw4e7av8ejnw86pnqr8uwwv
COMBOTS-aa4150-26,38,552,erd1yr4ynrnd09zx3ngyzazvsrv6aguecklffa4ulge4cnwx4ljf63jqcpv2t2
COMBOTS-aa4150-25,37,109,erd1x3nqzfwu88hljtw4px6c6txykmcddpg86e4cwaqjxel6zwn52gcq29ffht
COMBOTS-aa4150-24,36,797,erd1vyts9yz6tgrs8htn4fs48cdla57lwfuraj454xkmc6yu0c4x6yss88n3tl
COMBOTS-aa4150-23,35,265,erd1mdp73tp9aq00z42806sxdyuh0z5mlfm5sgng6lw220q7kmm0c3fqt3ypvl
COMBOTS-aa4150-22,34,502,erd1770jpvxsdctegqf45gzct0vljlxezu4jmdsjr922afxdkhrz25gqv9qcsw
COMBOTS-aa4150-21,33,362,erd1mg3u5fm0d4rquxpr7hxt096507ze4j4xpngfuweynewc9cphgy8q4y972q
COMBOTS-aa4150-20,32,861,erd1mdp73tp9aq00z42806sxdyuh0z5mlfm5sgng6lw220q7kmm0c3fqt3ypvl
COMBOTS-aa4150-1f,31,203,erd159mypt4myss3mqrs89ft0hjeacffks2690gq9u3mlh73m9sh0w5s09eqhh
COMBOTS-aa4150-1e,30,294,erd1f4dw0ws0rv8kdwhm5s62ywchldr6l0l2gq36s7k7ky4cc0ya0saqnkpwtn
COMBOTS-aa4150-1d,29,449,erd1mg3u5fm0d4rquxpr7hxt096507ze4j4xpngfuweynewc9cphgy8q4y972q
COMBOTS-aa4150-1c,28,388,erd1tyycyldmcckka6qyjdgpnl5huj6uqrala3fxt2ncv7s2csuvgmkqj9mmpa
COMBOTS-aa4150-1b,27,67,erd1mdp73tp9aq00z42806sxdyuh0z5mlfm5sgng6lw220q7kmm0c3fqt3ypvl
COMBOTS-aa4150-1a,26,772,erd1wntft3qs5f0zysvhfakdf9tz4hcl9526urh79call8l2y8vx8afqkpmyse
COMBOTS-aa4150-19,25,550,erd1fm3wf477ydnzr38j2ef7h74dx6y0rm5cxn5qmewh65jwjhzja74svuwzaj
COMBOTS-aa4150-18,24,773,erd1xl8m4s53vtjdh67ttxhv0sulzf7ksu5zlqqernx72w4pu5xkhdfswy5gkd
COMBOTS-aa4150-17,23,877,erd16cg0p6rk2duzg60mwlac8j8qs26qvaxf72h5a57qse29g97z8edqkk9s3t
COMBOTS-aa4150-16,22,859,erd1qqqqqqqqqqqqqpgq6wegs2xkypfpync8mn2sa5cmpqjlvrhwz5nqgepyg8
COMBOTS-aa4150-15,21,524,erd14pw007vqfcqa5h6acvxphfu6vkltqvrjkdunw4e7av8ejnw86pnqr8uwwv
COMBOTS-aa4150-14,20,50,erd1gtzm2pfszxh572a7mmphdrhdag84saasvv27etmlqpagxutg60ps0yezqx
COMBOTS-aa4150-13,19,885,erd1mdp73tp9aq00z42806sxdyuh0z5mlfm5sgng6lw220q7kmm0c3fqt3ypvl
COMBOTS-aa4150-12,18,804,erd1lkdwuhctxg3xnmp2wps5sm3e5024jpg8n0umak4zhu3fu2kzv9as9nsj0w
COMBOTS-aa4150-11,17,691,erd1qqqqqqqqqqqqqpgq6wegs2xkypfpync8mn2sa5cmpqjlvrhwz5nqgepyg8
COMBOTS-aa4150-10,16,990,erd1wntft3qs5f0zysvhfakdf9tz4hcl9526urh79call8l2y8vx8afqkpmyse
COMBOTS-aa4150-0f,15,488,erd1qqqqqqqqqqqqqpgq6wegs2xkypfpync8mn2sa5cmpqjlvrhwz5nqgepyg8
COMBOTS-aa4150-0e,14,962,erd1vm0g9f78l7ag6xrxql0nnq8jupnjhsjugxsxgk327h6la37gxp0q9kxpy6
COMBOTS-aa4150-0d,13,266,erd14pw007vqfcqa5h6acvxphfu6vkltqvrjkdunw4e7av8ejnw86pnqr8uwwv
COMBOTS-aa4150-0c,12,699,erd1w8j0meqp0dxuk67me72hrhdtarx9u3kmwxtjvncp89s720wqvl8sj7lfmd
COMBOTS-aa4150-0b,11,554,erd1np3wxmn6vl536xmahpvtcman7mljzg332xx8tpv8gq0k92pus69qhtnygl
COMBOTS-aa4150-0a,10,438,erd1ne6jp45m2k2qdvdjufj97fz8xgsndgesl6ce0fykyzsq9uflz3gq05x989
COMBOTS-aa4150-09,9,529,erd1qqqqqqqqqqqqqpgq6wegs2xkypfpync8mn2sa5cmpqjlvrhwz5nqgepyg8
COMBOTS-aa4150-08,8,503,erd1qqqqqqqqqqqqqpgq6wegs2xkypfpync8mn2sa5cmpqjlvrhwz5nqgepyg8
COMBOTS-aa4150-07,7,225,erd1gtzm2pfszxh572a7mmphdrhdag84saasvv27etmlqpagxutg60ps0yezqx
COMBOTS-aa4150-06,6,964,erd12g6qle82zezwuqy5rc676slnnfp0jnu4hrzuzhghl5daypprszjqkkan5s
COMBOTS-aa4150-05,5,708,erd18cesq9rs8dxf9h2zh9qp0myycf5739mlynfur47grmt6puy3eteqtka6xa
COMBOTS-aa4150-04,4,417,erd14pw007vqfcqa5h6acvxphfu6vkltqvrjkdunw4e7av8ejnw86pnqr8uwwv
COMBOTS-aa4150-03,3,653,erd1djaulckxkuqlkcxyx7w90ht23hggkkmf8ttnm93atekn5glhsvmqpns58y
COMBOTS-aa4150-02,2,662,erd14pw007vqfcqa5h6acvxphfu6vkltqvrjkdunw4e7av8ejnw86pnqr8uwwv
COMBOTS-aa4150-01,1,782,erd13s5dy0dnv9qyu0h3gahr3vytsej2nnmggzfcq3heujffhtjv3muq5h2s37
